--
-- PostgreSQL database dump
--

\restrict 74gB5dsTQNa8duoEkLidcHKSae7vaOpymAVuv6BadlTguQ7dNO9Lar9wnK1akXK

-- Dumped from database version 15.15
-- Dumped by pg_dump version 15.15

SET statement_timeout = 0;
SET lock_timeout = 0;
SET idle_in_transaction_session_timeout = 0;
SET client_encoding = 'UTF8';
SET standard_conforming_strings = on;
SELECT pg_catalog.set_config('search_path', '', false);
SET check_function_bodies = false;
SET xmloption = content;
SET client_min_messages = warning;
SET row_security = off;

SET default_tablespace = '';

SET default_table_access_method = heap;

--
-- Name: api_conversation; Type: TABLE; Schema: public; Owner: postgres
--

CREATE TABLE public.api_conversation (
    id bigint NOT NULL,
    created_at timestamp with time zone NOT NULL,
    updated_at timestamp with time zone NOT NULL
);


ALTER TABLE public.api_conversation OWNER TO postgres;

--
-- Name: api_conversation_id_seq; Type: SEQUENCE; Schema: public; Owner: postgres
--

ALTER TABLE public.api_conversation ALTER COLUMN id ADD GENERATED BY DEFAULT AS IDENTITY (
    SEQUENCE NAME public.api_conversation_id_seq
    START WITH 1
    INCREMENT BY 1
    NO MINVALUE
    NO MAXVALUE
    CACHE 1
);


--
-- Name: api_conversation_participants; Type: TABLE; Schema: public; Owner: postgres
--

CREATE TABLE public.api_conversation_participants (
    id bigint NOT NULL,
    conversation_id bigint NOT NULL,
    user_id bigint NOT NULL
);


ALTER TABLE public.api_conversation_participants OWNER TO postgres;

--
-- Name: api_conversation_participants_id_seq; Type: SEQUENCE; Schema: public; Owner: postgres
--

ALTER TABLE public.api_conversation_participants ALTER COLUMN id ADD GENERATED BY DEFAULT AS IDENTITY (
    SEQUENCE NAME public.api_conversation_participants_id_seq
    START WITH 1
    INCREMENT BY 1
    NO MINVALUE
    NO MAXVALUE
    CACHE 1
);


--
-- Name: api_follow; Type: TABLE; Schema: public; Owner: postgres
--

CREATE TABLE public.api_follow (
    id bigint NOT NULL,
    created_at timestamp with time zone NOT NULL,
    follower_id bigint NOT NULL,
    following_id bigint NOT NULL
);


ALTER TABLE public.api_follow OWNER TO postgres;

--
-- Name: api_follow_id_seq; Type: SEQUENCE; Schema: public; Owner: postgres
--

ALTER TABLE public.api_follow ALTER COLUMN id ADD GENERATED BY DEFAULT AS IDENTITY (
    SEQUENCE NAME public.api_follow_id_seq
    START WITH 1
    INCREMENT BY 1
    NO MINVALUE
    NO MAXVALUE
    CACHE 1
);


--
-- Name: api_interest; Type: TABLE; Schema: public; Owner: postgres
--

CREATE TABLE public.api_interest (
    id bigint NOT NULL,
    name character varying(50) NOT NULL,
    slug character varying(50) NOT NULL
);


ALTER TABLE public.api_interest OWNER TO postgres;

--
-- Name: api_interest_id_seq; Type: SEQUENCE; Schema: public; Owner: postgres
--

ALTER TABLE public.api_interest ALTER COLUMN id ADD GENERATED BY DEFAULT AS IDENTITY (
    SEQUENCE NAME public.api_interest_id_seq
    START WITH 1
    INCREMENT BY 1
    NO MINVALUE
    NO MAXVALUE
    CACHE 1
);


--
-- Name: api_libraryentry; Type: TABLE; Schema: public; Owner: postgres
--

CREATE TABLE public.api_libraryentry (
    id bigint NOT NULL,
    playtime_forever integer NOT NULL,
    platform character varying(50) NOT NULL,
    status character varying(20) NOT NULL,
    added_at timestamp with time zone NOT NULL,
    game_id bigint NOT NULL,
    user_id bigint NOT NULL
);


ALTER TABLE public.api_libraryentry OWNER TO postgres;

--
-- Name: api_libraryentry_id_seq; Type: SEQUENCE; Schema: public; Owner: postgres
--

ALTER TABLE public.api_libraryentry ALTER COLUMN id ADD GENERATED BY DEFAULT AS IDENTITY (
    SEQUENCE NAME public.api_libraryentry_id_seq
    START WITH 1
    INCREMENT BY 1
    NO MINVALUE
    NO MAXVALUE
    CACHE 1
);


--
-- Name: api_message; Type: TABLE; Schema: public; Owner: postgres
--

CREATE TABLE public.api_message (
    id bigint NOT NULL,
    content text NOT NULL,
    is_read boolean NOT NULL,
    created_at timestamp with time zone NOT NULL,
    conversation_id bigint NOT NULL,
    sender_id bigint NOT NULL
);


ALTER TABLE public.api_message OWNER TO postgres;

--
-- Name: api_message_id_seq; Type: SEQUENCE; Schema: public; Owner: postgres
--

ALTER TABLE public.api_message ALTER COLUMN id ADD GENERATED BY DEFAULT AS IDENTITY (
    SEQUENCE NAME public.api_message_id_seq
    START WITH 1
    INCREMENT BY 1
    NO MINVALUE
    NO MAXVALUE
    CACHE 1
);


--
-- Name: api_notification; Type: TABLE; Schema: public; Owner: postgres
--

CREATE TABLE public.api_notification (
    id bigint NOT NULL,
    verb character varying(255) NOT NULL,
    target_id integer,
    is_read boolean NOT NULL,
    created_at timestamp with time zone NOT NULL,
    actor_id bigint NOT NULL,
    recipient_id bigint NOT NULL,
    target_type_id integer,
    CONSTRAINT api_notification_target_id_check CHECK ((target_id >= 0))
);


ALTER TABLE public.api_notification OWNER TO postgres;

--
-- Name: api_notification_id_seq; Type: SEQUENCE; Schema: public; Owner: postgres
--

ALTER TABLE public.api_notification ALTER COLUMN id ADD GENERATED BY DEFAULT AS IDENTITY (
    SEQUENCE NAME public.api_notification_id_seq
    START WITH 1
    INCREMENT BY 1
    NO MINVALUE
    NO MAXVALUE
    CACHE 1
);


--
-- Name: api_user; Type: TABLE; Schema: public; Owner: postgres
--

CREATE TABLE public.api_user (
    id bigint NOT NULL,
    password character varying(128) NOT NULL,
    last_login timestamp with time zone,
    is_superuser boolean NOT NULL,
    username character varying(150) NOT NULL,
    first_name character varying(150) NOT NULL,
    last_name character varying(150) NOT NULL,
    email character varying(254) NOT NULL,
    is_staff boolean NOT NULL,
    is_active boolean NOT NULL,
    date_joined timestamp with time zone NOT NULL,
    bio text NOT NULL,
    avatar character varying(100),
    cover_image character varying(100),
    real_name character varying(100) NOT NULL,
    location character varying(100) NOT NULL,
    social_links jsonb NOT NULL,
    role character varying(10) NOT NULL,
    phone_number character varying(20) NOT NULL,
    is_gamer boolean NOT NULL,
    is_developer boolean NOT NULL,
    is_investor boolean NOT NULL,
    gender character varying(20) NOT NULL,
    birth_date date,
    show_birth_date boolean NOT NULL,
    platforms jsonb NOT NULL,
    top_favorites jsonb NOT NULL,
    steam_id character varying(20) NOT NULL
);


ALTER TABLE public.api_user OWNER TO postgres;

--
-- Name: api_user_groups; Type: TABLE; Schema: public; Owner: postgres
--

CREATE TABLE public.api_user_groups (
    id bigint NOT NULL,
    user_id bigint NOT NULL,
    group_id integer NOT NULL
);


ALTER TABLE public.api_user_groups OWNER TO postgres;

--
-- Name: api_user_groups_id_seq; Type: SEQUENCE; Schema: public; Owner: postgres
--

ALTER TABLE public.api_user_groups ALTER COLUMN id ADD GENERATED BY DEFAULT AS IDENTITY (
    SEQUENCE NAME public.api_user_groups_id_seq
    START WITH 1
    INCREMENT BY 1
    NO MINVALUE
    NO MAXVALUE
    CACHE 1
);


--
-- Name: api_user_id_seq; Type: SEQUENCE; Schema: public; Owner: postgres
--

ALTER TABLE public.api_user ALTER COLUMN id ADD GENERATED BY DEFAULT AS IDENTITY (
    SEQUENCE NAME public.api_user_id_seq
    START WITH 1
    INCREMENT BY 1
    NO MINVALUE
    NO MAXVALUE
    CACHE 1
);


--
-- Name: api_user_interests; Type: TABLE; Schema: public; Owner: postgres
--

CREATE TABLE public.api_user_interests (
    id bigint NOT NULL,
    user_id bigint NOT NULL,
    interest_id bigint NOT NULL
);


ALTER TABLE public.api_user_interests OWNER TO postgres;

--
-- Name: api_user_interests_id_seq; Type: SEQUENCE; Schema: public; Owner: postgres
--

ALTER TABLE public.api_user_interests ALTER COLUMN id ADD GENERATED BY DEFAULT AS IDENTITY (
    SEQUENCE NAME public.api_user_interests_id_seq
    START WITH 1
    INCREMENT BY 1
    NO MINVALUE
    NO MAXVALUE
    CACHE 1
);


--
-- Name: api_user_user_permissions; Type: TABLE; Schema: public; Owner: postgres
--

CREATE TABLE public.api_user_user_permissions (
    id bigint NOT NULL,
    user_id bigint NOT NULL,
    permission_id integer NOT NULL
);


ALTER TABLE public.api_user_user_permissions OWNER TO postgres;

--
-- Name: api_user_user_permissions_id_seq; Type: SEQUENCE; Schema: public; Owner: postgres
--

ALTER TABLE public.api_user_user_permissions ALTER COLUMN id ADD GENERATED BY DEFAULT AS IDENTITY (
    SEQUENCE NAME public.api_user_user_permissions_id_seq
    START WITH 1
    INCREMENT BY 1
    NO MINVALUE
    NO MAXVALUE
    CACHE 1
);


--
-- Name: auth_group; Type: TABLE; Schema: public; Owner: postgres
--

CREATE TABLE public.auth_group (
    id integer NOT NULL,
    name character varying(150) NOT NULL
);


ALTER TABLE public.auth_group OWNER TO postgres;

--
-- Name: auth_group_id_seq; Type: SEQUENCE; Schema: public; Owner: postgres
--

ALTER TABLE public.auth_group ALTER COLUMN id ADD GENERATED BY DEFAULT AS IDENTITY (
    SEQUENCE NAME public.auth_group_id_seq
    START WITH 1
    INCREMENT BY 1
    NO MINVALUE
    NO MAXVALUE
    CACHE 1
);


--
-- Name: auth_group_permissions; Type: TABLE; Schema: public; Owner: postgres
--

CREATE TABLE public.auth_group_permissions (
    id bigint NOT NULL,
    group_id integer NOT NULL,
    permission_id integer NOT NULL
);


ALTER TABLE public.auth_group_permissions OWNER TO postgres;

--
-- Name: auth_group_permissions_id_seq; Type: SEQUENCE; Schema: public; Owner: postgres
--

ALTER TABLE public.auth_group_permissions ALTER COLUMN id ADD GENERATED BY DEFAULT AS IDENTITY (
    SEQUENCE NAME public.auth_group_permissions_id_seq
    START WITH 1
    INCREMENT BY 1
    NO MINVALUE
    NO MAXVALUE
    CACHE 1
);


--
-- Name: auth_permission; Type: TABLE; Schema: public; Owner: postgres
--

CREATE TABLE public.auth_permission (
    id integer NOT NULL,
    name character varying(255) NOT NULL,
    content_type_id integer NOT NULL,
    codename character varying(100) NOT NULL
);


ALTER TABLE public.auth_permission OWNER TO postgres;

--
-- Name: auth_permission_id_seq; Type: SEQUENCE; Schema: public; Owner: postgres
--

ALTER TABLE public.auth_permission ALTER COLUMN id ADD GENERATED BY DEFAULT AS IDENTITY (
    SEQUENCE NAME public.auth_permission_id_seq
    START WITH 1
    INCREMENT BY 1
    NO MINVALUE
    NO MAXVALUE
    CACHE 1
);


--
-- Name: authtoken_token; Type: TABLE; Schema: public; Owner: postgres
--

CREATE TABLE public.authtoken_token (
    key character varying(40) NOT NULL,
    created timestamp with time zone NOT NULL,
    user_id bigint NOT NULL
);


ALTER TABLE public.authtoken_token OWNER TO postgres;

--
-- Name: core_game; Type: TABLE; Schema: public; Owner: postgres
--

CREATE TABLE public.core_game (
    id bigint NOT NULL,
    title character varying(255) NOT NULL,
    cover_image character varying(100),
    release_date date,
    igdb_id integer
);


ALTER TABLE public.core_game OWNER TO postgres;

--
-- Name: core_game_id_seq; Type: SEQUENCE; Schema: public; Owner: postgres
--

ALTER TABLE public.core_game ALTER COLUMN id ADD GENERATED BY DEFAULT AS IDENTITY (
    SEQUENCE NAME public.core_game_id_seq
    START WITH 1
    INCREMENT BY 1
    NO MINVALUE
    NO MAXVALUE
    CACHE 1
);


--
-- Name: core_investorcall; Type: TABLE; Schema: public; Owner: postgres
--

CREATE TABLE public.core_investorcall (
    id bigint NOT NULL,
    organization_name character varying(255) NOT NULL,
    investor_type character varying(20) NOT NULL,
    looking_for text NOT NULL,
    ticket_size character varying(100) NOT NULL,
    deadline date,
    created_at timestamp with time zone NOT NULL,
    is_active boolean NOT NULL,
    user_id bigint NOT NULL
);


ALTER TABLE public.core_investorcall OWNER TO postgres;

--
-- Name: core_investorcall_id_seq; Type: SEQUENCE; Schema: public; Owner: postgres
--

ALTER TABLE public.core_investorcall ALTER COLUMN id ADD GENERATED BY DEFAULT AS IDENTITY (
    SEQUENCE NAME public.core_investorcall_id_seq
    START WITH 1
    INCREMENT BY 1
    NO MINVALUE
    NO MAXVALUE
    CACHE 1
);


--
-- Name: core_jobposting; Type: TABLE; Schema: public; Owner: postgres
--

CREATE TABLE public.core_jobposting (
    id bigint NOT NULL,
    title character varying(255) NOT NULL,
    description text NOT NULL,
    job_type character varying(20) NOT NULL,
    location_type character varying(20) NOT NULL,
    experience_level character varying(20) NOT NULL,
    is_active boolean NOT NULL,
    created_at timestamp with time zone NOT NULL,
    recruiter_id bigint NOT NULL,
    project_id bigint
);


ALTER TABLE public.core_jobposting OWNER TO postgres;

--
-- Name: core_jobposting_id_seq; Type: SEQUENCE; Schema: public; Owner: postgres
--

ALTER TABLE public.core_jobposting ALTER COLUMN id ADD GENERATED BY DEFAULT AS IDENTITY (
    SEQUENCE NAME public.core_jobposting_id_seq
    START WITH 1
    INCREMENT BY 1
    NO MINVALUE
    NO MAXVALUE
    CACHE 1
);


--
-- Name: core_like; Type: TABLE; Schema: public; Owner: postgres
--

CREATE TABLE public.core_like (
    id bigint NOT NULL,
    "timestamp" timestamp with time zone NOT NULL,
    news_id bigint,
    post_id bigint,
    review_id bigint,
    user_id bigint NOT NULL
);


ALTER TABLE public.core_like OWNER TO postgres;

--
-- Name: core_like_id_seq; Type: SEQUENCE; Schema: public; Owner: postgres
--

ALTER TABLE public.core_like ALTER COLUMN id ADD GENERATED BY DEFAULT AS IDENTITY (
    SEQUENCE NAME public.core_like_id_seq
    START WITH 1
    INCREMENT BY 1
    NO MINVALUE
    NO MAXVALUE
    CACHE 1
);


--
-- Name: core_news; Type: TABLE; Schema: public; Owner: postgres
--

CREATE TABLE public.core_news (
    id bigint NOT NULL,
    title character varying(500) NOT NULL,
    link character varying(1000) NOT NULL,
    image_url character varying(1000),
    description text NOT NULL,
    pub_date timestamp with time zone NOT NULL,
    category character varying(20) NOT NULL,
    source_id bigint NOT NULL
);


ALTER TABLE public.core_news OWNER TO postgres;

--
-- Name: core_news_id_seq; Type: SEQUENCE; Schema: public; Owner: postgres
--

ALTER TABLE public.core_news ALTER COLUMN id ADD GENERATED BY DEFAULT AS IDENTITY (
    SEQUENCE NAME public.core_news_id_seq
    START WITH 1
    INCREMENT BY 1
    NO MINVALUE
    NO MAXVALUE
    CACHE 1
);


--
-- Name: core_newssource; Type: TABLE; Schema: public; Owner: postgres
--

CREATE TABLE public.core_newssource (
    id bigint NOT NULL,
    name character varying(255) NOT NULL,
    rss_url character varying(200) NOT NULL,
    category character varying(20) NOT NULL,
    icon character varying(200)
);


ALTER TABLE public.core_newssource OWNER TO postgres;

--
-- Name: core_newssource_id_seq; Type: SEQUENCE; Schema: public; Owner: postgres
--

ALTER TABLE public.core_newssource ALTER COLUMN id ADD GENERATED BY DEFAULT AS IDENTITY (
    SEQUENCE NAME public.core_newssource_id_seq
    START WITH 1
    INCREMENT BY 1
    NO MINVALUE
    NO MAXVALUE
    CACHE 1
);


--
-- Name: core_pitch; Type: TABLE; Schema: public; Owner: postgres
--

CREATE TABLE public.core_pitch (
    id bigint NOT NULL,
    title character varying(255) NOT NULL,
    description text NOT NULL,
    genre character varying(20) NOT NULL,
    platform character varying(20) NOT NULL,
    funding_goal character varying(100) NOT NULL,
    stage character varying(20) NOT NULL,
    image character varying(100),
    pitch_deck_url character varying(200),
    created_at timestamp with time zone NOT NULL,
    updated_at timestamp with time zone NOT NULL,
    user_id bigint NOT NULL
);


ALTER TABLE public.core_pitch OWNER TO postgres;

--
-- Name: core_pitch_id_seq; Type: SEQUENCE; Schema: public; Owner: postgres
--

ALTER TABLE public.core_pitch ALTER COLUMN id ADD GENERATED BY DEFAULT AS IDENTITY (
    SEQUENCE NAME public.core_pitch_id_seq
    START WITH 1
    INCREMENT BY 1
    NO MINVALUE
    NO MAXVALUE
    CACHE 1
);


--
-- Name: core_post; Type: TABLE; Schema: public; Owner: postgres
--

CREATE TABLE public.core_post (
    id bigint NOT NULL,
    content text NOT NULL,
    image character varying(100),
    "timestamp" timestamp with time zone NOT NULL,
    user_id bigint NOT NULL,
    gif_url character varying(500),
    media_file character varying(100),
    media_type character varying(20),
    poll_options jsonb,
    parent_id bigint,
    review_parent_id bigint,
    news_parent_id bigint,
    project_parent_id bigint,
    title character varying(255)
);


ALTER TABLE public.core_post OWNER TO postgres;

--
-- Name: core_post_id_seq; Type: SEQUENCE; Schema: public; Owner: postgres
--

ALTER TABLE public.core_post ALTER COLUMN id ADD GENERATED BY DEFAULT AS IDENTITY (
    SEQUENCE NAME public.core_post_id_seq
    START WITH 1
    INCREMENT BY 1
    NO MINVALUE
    NO MAXVALUE
    CACHE 1
);


--
-- Name: core_postmedia; Type: TABLE; Schema: public; Owner: postgres
--

CREATE TABLE public.core_postmedia (
    id bigint NOT NULL,
    file character varying(100) NOT NULL,
    media_type character varying(20) NOT NULL,
    "order" integer NOT NULL,
    created_at timestamp with time zone NOT NULL,
    post_id bigint NOT NULL,
    CONSTRAINT core_postmedia_order_check CHECK (("order" >= 0))
);


ALTER TABLE public.core_postmedia OWNER TO postgres;

--
-- Name: core_postmedia_id_seq; Type: SEQUENCE; Schema: public; Owner: postgres
--

ALTER TABLE public.core_postmedia ALTER COLUMN id ADD GENERATED BY DEFAULT AS IDENTITY (
    SEQUENCE NAME public.core_postmedia_id_seq
    START WITH 1
    INCREMENT BY 1
    NO MINVALUE
    NO MAXVALUE
    CACHE 1
);


--
-- Name: core_project; Type: TABLE; Schema: public; Owner: postgres
--

CREATE TABLE public.core_project (
    id bigint NOT NULL,
    title character varying(255) NOT NULL,
    description text NOT NULL,
    cover_image character varying(100),
    tech_stack jsonb NOT NULL,
    status character varying(20) NOT NULL,
    created_at timestamp with time zone NOT NULL,
    updated_at timestamp with time zone NOT NULL,
    owner_id bigint NOT NULL
);


ALTER TABLE public.core_project OWNER TO postgres;

--
-- Name: core_project_id_seq; Type: SEQUENCE; Schema: public; Owner: postgres
--

ALTER TABLE public.core_project ALTER COLUMN id ADD GENERATED BY DEFAULT AS IDENTITY (
    SEQUENCE NAME public.core_project_id_seq
    START WITH 1
    INCREMENT BY 1
    NO MINVALUE
    NO MAXVALUE
    CACHE 1
);


--
-- Name: core_review; Type: TABLE; Schema: public; Owner: postgres
--

CREATE TABLE public.core_review (
    id bigint NOT NULL,
    rating numeric(3,1) NOT NULL,
    content text NOT NULL,
    is_liked boolean NOT NULL,
    is_completed boolean NOT NULL,
    contains_spoilers boolean NOT NULL,
    "timestamp" timestamp with time zone NOT NULL,
    game_id bigint NOT NULL,
    user_id bigint NOT NULL
);


ALTER TABLE public.core_review OWNER TO postgres;

--
-- Name: core_review_id_seq; Type: SEQUENCE; Schema: public; Owner: postgres
--

ALTER TABLE public.core_review ALTER COLUMN id ADD GENERATED BY DEFAULT AS IDENTITY (
    SEQUENCE NAME public.core_review_id_seq
    START WITH 1
    INCREMENT BY 1
    NO MINVALUE
    NO MAXVALUE
    CACHE 1
);


--
-- Name: core_socialpost; Type: TABLE; Schema: public; Owner: postgres
--

CREATE TABLE public.core_socialpost (
    id bigint NOT NULL,
    content text NOT NULL,
    image character varying(100),
    media_file character varying(100),
    media_type character varying(20),
    gif_url character varying(500),
    poll_options jsonb,
    created_at timestamp with time zone NOT NULL,
    parent_id bigint,
    review_parent_id bigint,
    user_id bigint NOT NULL
);


ALTER TABLE public.core_socialpost OWNER TO postgres;

--
-- Name: core_socialpost_id_seq; Type: SEQUENCE; Schema: public; Owner: postgres
--

ALTER TABLE public.core_socialpost ALTER COLUMN id ADD GENERATED BY DEFAULT AS IDENTITY (
    SEQUENCE NAME public.core_socialpost_id_seq
    START WITH 1
    INCREMENT BY 1
    NO MINVALUE
    NO MAXVALUE
    CACHE 1
);


--
-- Name: django_admin_log; Type: TABLE; Schema: public; Owner: postgres
--

CREATE TABLE public.django_admin_log (
    id integer NOT NULL,
    action_time timestamp with time zone NOT NULL,
    object_id text,
    object_repr character varying(200) NOT NULL,
    action_flag smallint NOT NULL,
    change_message text NOT NULL,
    content_type_id integer,
    user_id bigint NOT NULL,
    CONSTRAINT django_admin_log_action_flag_check CHECK ((action_flag >= 0))
);


ALTER TABLE public.django_admin_log OWNER TO postgres;

--
-- Name: django_admin_log_id_seq; Type: SEQUENCE; Schema: public; Owner: postgres
--

ALTER TABLE public.django_admin_log ALTER COLUMN id ADD GENERATED BY DEFAULT AS IDENTITY (
    SEQUENCE NAME public.django_admin_log_id_seq
    START WITH 1
    INCREMENT BY 1
    NO MINVALUE
    NO MAXVALUE
    CACHE 1
);


--
-- Name: django_content_type; Type: TABLE; Schema: public; Owner: postgres
--

CREATE TABLE public.django_content_type (
    id integer NOT NULL,
    app_label character varying(100) NOT NULL,
    model character varying(100) NOT NULL
);


ALTER TABLE public.django_content_type OWNER TO postgres;

--
-- Name: django_content_type_id_seq; Type: SEQUENCE; Schema: public; Owner: postgres
--

ALTER TABLE public.django_content_type ALTER COLUMN id ADD GENERATED BY DEFAULT AS IDENTITY (
    SEQUENCE NAME public.django_content_type_id_seq
    START WITH 1
    INCREMENT BY 1
    NO MINVALUE
    NO MAXVALUE
    CACHE 1
);


--
-- Name: django_migrations; Type: TABLE; Schema: public; Owner: postgres
--

CREATE TABLE public.django_migrations (
    id bigint NOT NULL,
    app character varying(255) NOT NULL,
    name character varying(255) NOT NULL,
    applied timestamp with time zone NOT NULL
);


ALTER TABLE public.django_migrations OWNER TO postgres;

--
-- Name: django_migrations_id_seq; Type: SEQUENCE; Schema: public; Owner: postgres
--

ALTER TABLE public.django_migrations ALTER COLUMN id ADD GENERATED BY DEFAULT AS IDENTITY (
    SEQUENCE NAME public.django_migrations_id_seq
    START WITH 1
    INCREMENT BY 1
    NO MINVALUE
    NO MAXVALUE
    CACHE 1
);


--
-- Name: django_session; Type: TABLE; Schema: public; Owner: postgres
--

CREATE TABLE public.django_session (
    session_key character varying(40) NOT NULL,
    session_data text NOT NULL,
    expire_date timestamp with time zone NOT NULL
);


ALTER TABLE public.django_session OWNER TO postgres;

--
-- Name: news_news; Type: TABLE; Schema: public; Owner: postgres
--

CREATE TABLE public.news_news (
    id bigint NOT NULL,
    title character varying(500) NOT NULL,
    link character varying(200) NOT NULL,
    image_url character varying(200),
    description text NOT NULL,
    pub_date timestamp with time zone NOT NULL,
    category character varying(50) NOT NULL,
    source_id bigint NOT NULL
);


ALTER TABLE public.news_news OWNER TO postgres;

--
-- Name: news_news_id_seq; Type: SEQUENCE; Schema: public; Owner: postgres
--

ALTER TABLE public.news_news ALTER COLUMN id ADD GENERATED BY DEFAULT AS IDENTITY (
    SEQUENCE NAME public.news_news_id_seq
    START WITH 1
    INCREMENT BY 1
    NO MINVALUE
    NO MAXVALUE
    CACHE 1
);


--
-- Name: news_newssource; Type: TABLE; Schema: public; Owner: postgres
--

CREATE TABLE public.news_newssource (
    id bigint NOT NULL,
    name character varying(255) NOT NULL,
    rss_url character varying(200) NOT NULL,
    category character varying(50) NOT NULL,
    icon character varying(200)
);


ALTER TABLE public.news_newssource OWNER TO postgres;

--
-- Name: news_newssource_id_seq; Type: SEQUENCE; Schema: public; Owner: postgres
--

ALTER TABLE public.news_newssource ALTER COLUMN id ADD GENERATED BY DEFAULT AS IDENTITY (
    SEQUENCE NAME public.news_newssource_id_seq
    START WITH 1
    INCREMENT BY 1
    NO MINVALUE
    NO MAXVALUE
    CACHE 1
);


--
-- Data for Name: api_conversation; Type: TABLE DATA; Schema: public; Owner: postgres
--

COPY public.api_conversation (id, created_at, updated_at) FROM stdin;
1	2025-12-04 10:53:16.881396+00	2025-12-17 12:17:15.639756+00
\.


--
-- Data for Name: api_conversation_participants; Type: TABLE DATA; Schema: public; Owner: postgres
--

COPY public.api_conversation_participants (id, conversation_id, user_id) FROM stdin;
1	1	2
2	1	3
\.


--
-- Data for Name: api_follow; Type: TABLE DATA; Schema: public; Owner: postgres
--

COPY public.api_follow (id, created_at, follower_id, following_id) FROM stdin;
2	2025-12-17 12:16:43.368585+00	3	2
\.


--
-- Data for Name: api_interest; Type: TABLE DATA; Schema: public; Owner: postgres
--

COPY public.api_interest (id, name, slug) FROM stdin;
1	RPG	rpg
2	FPS	fps
3	Strategy	strategy
4	News	news
5	Retro	retro
6	Horror	horror
7	Open World	open-world
8	Invest	invest
9	MMORPG	mmorpg
10	Indie	indie
\.


--
-- Data for Name: api_libraryentry; Type: TABLE DATA; Schema: public; Owner: postgres
--

COPY public.api_libraryentry (id, playtime_forever, platform, status, added_at, game_id, user_id) FROM stdin;
1	317	Steam	dropped	2025-12-15 08:53:57.460987+00	109	2
2	37768	Steam	dropped	2025-12-15 08:53:57.724354+00	501	2
3	93	Steam	dropped	2025-12-15 08:53:57.929234+00	502	2
4	0	Steam	unplayed	2025-12-15 08:53:58.170467+00	503	2
5	0	Steam	unplayed	2025-12-15 08:53:58.406348+00	504	2
6	0	Steam	unplayed	2025-12-15 08:53:58.638899+00	505	2
7	0	Steam	unplayed	2025-12-15 08:53:58.642773+00	78	2
8	3424	Steam	dropped	2025-12-15 08:53:58.646331+00	473	2
9	0	Steam	unplayed	2025-12-15 08:53:58.845079+00	506	2
10	0	Steam	unplayed	2025-12-15 08:53:58.84887+00	143	2
11	0	Steam	unplayed	2025-12-15 08:53:59.042176+00	507	2
12	0	Steam	unplayed	2025-12-15 08:53:59.265774+00	508	2
13	0	Steam	unplayed	2025-12-15 08:53:59.270118+00	23	2
14	263	Steam	dropped	2025-12-15 08:53:59.499617+00	509	2
15	10	Steam	dropped	2025-12-15 08:53:59.504352+00	362	2
16	3	Steam	dropped	2025-12-15 08:53:59.508265+00	436	2
17	36453	Steam	dropped	2025-12-15 08:53:59.708658+00	510	2
18	6507	Steam	dropped	2025-12-15 08:53:59.712367+00	141	2
19	0	Steam	unplayed	2025-12-15 08:53:59.906028+00	511	2
20	16	Steam	dropped	2025-12-15 08:54:00.106292+00	512	2
21	347	Steam	dropped	2025-12-15 08:54:00.305464+00	513	2
22	0	Steam	unplayed	2025-12-15 08:54:00.537413+00	514	2
23	11481	Steam	dropped	2025-12-15 08:54:00.543108+00	2	2
24	78	Steam	dropped	2025-12-15 08:54:00.79157+00	515	2
25	0	Steam	unplayed	2025-12-15 08:54:01.035256+00	516	2
26	123	Steam	dropped	2025-12-15 08:54:01.262893+00	517	2
27	0	Steam	unplayed	2025-12-15 08:54:01.554073+00	518	2
28	0	Steam	unplayed	2025-12-15 08:54:01.7847+00	519	2
29	0	Steam	unplayed	2025-12-15 08:54:01.974704+00	520	2
30	433	Steam	dropped	2025-12-15 08:54:02.176576+00	521	2
31	0	Steam	unplayed	2025-12-15 08:54:02.525694+00	522	2
32	0	Steam	unplayed	2025-12-15 08:54:02.723842+00	523	2
33	0	Steam	unplayed	2025-12-15 08:54:02.958167+00	524	2
34	0	Steam	unplayed	2025-12-15 08:54:03.146856+00	525	2
35	211	Steam	dropped	2025-12-15 08:54:03.379953+00	526	2
36	629	Steam	dropped	2025-12-15 08:54:03.385051+00	328	2
37	705	Steam	dropped	2025-12-15 08:54:03.588857+00	527	2
38	582	Steam	dropped	2025-12-15 08:54:03.592552+00	417	2
39	137	Steam	dropped	2025-12-15 08:54:03.790352+00	528	2
40	2114	Steam	dropped	2025-12-15 08:54:04.020833+00	529	2
41	1477	Steam	dropped	2025-12-15 08:54:04.224715+00	530	2
42	0	Steam	unplayed	2025-12-15 08:54:04.424063+00	531	2
43	0	Steam	unplayed	2025-12-15 08:54:04.620555+00	532	2
44	3801	Steam	playing	2025-12-15 08:54:04.955717+00	533	2
\.


--
-- Data for Name: api_message; Type: TABLE DATA; Schema: public; Owner: postgres
--

COPY public.api_message (id, content, is_read, created_at, conversation_id, sender_id) FROM stdin;
1	naber	t	2025-12-04 10:53:21.242282+00	1	3
2	ii	t	2025-12-17 12:17:15.636555+00	1	2
\.


--
-- Data for Name: api_notification; Type: TABLE DATA; Schema: public; Owner: postgres
--

COPY public.api_notification (id, verb, target_id, is_read, created_at, actor_id, recipient_id, target_type_id) FROM stdin;
1	started following you	\N	t	2025-12-04 10:53:16.182439+00	3	2	\N
2	started following you	\N	t	2025-12-17 12:16:43.370555+00	3	2	\N
\.


--
-- Data for Name: api_user; Type: TABLE DATA; Schema: public; Owner: postgres
--

COPY public.api_user (id, password, last_login, is_superuser, username, first_name, last_name, email, is_staff, is_active, date_joined, bio, avatar, cover_image, real_name, location, social_links, role, phone_number, is_gamer, is_developer, is_investor, gender, birth_date, show_birth_date, platforms, top_favorites, steam_id) FROM stdin;
1	pbkdf2_sha256$1000000$2dDKSVyy3rbi6uHNq5CdJT$d3m4m8KfDm+QKKc3aMlyYyEkCl6fOzvlZ7gioXPC9Zo=	2026-02-03 10:31:10.168524+00	t	umutayazoglu			umtayz658@gmail.com	t	t	2025-12-04 10:46:42.816827+00						{}	gamer		t	f	f	Prefer not to say	\N	f	[]	[]	
3	pbkdf2_sha256$1000000$6vkmc3Q9Qkm7C4ztanZcMB$eiaMw7QWJOCk2LI1/ZmPGI0Jg28VTcfrwrZIdsxh/g8=	\N	f	nemeton			umtayz1905@gmail.com	f	t	2025-12-04 10:53:01.095709+00						{}	gamer	+905379645482	t	f	t	Female	2004-01-29	f	["PC", "Console", "Mobile"]	[{"slot": 1, "cover": "http://localhost:8000/media/games/igdb_115.jpg", "title": "League of Legends", "game_id": 149}]	
4	pbkdf2_sha256$1000000$19heFv7fOUZUuSBHEySt9P$oeJ5VHXDOr/BxoFVfj0e7WtLUDHSuc2Pi397p7l6P6I=	\N	f	test			test@gmail.com	f	t	2026-02-04 11:20:15.959411+00						{}	gamer	+905379645482	t	f	f	Female	2004-12-12	f	["PC"]	[]	
5	pbkdf2_sha256$1000000$m0LHoLdXKQz8rj2j1oL9TF$G7GP73/Yr/wvbQiGxsVke2hFGvga5QmKbmRuV31fwKc=	\N	f	test2			test2@gmail.com	f	t	2026-02-04 11:42:40.089682+00						{}	gamer		t	f	f	Male	2004-12-12	f	["PC"]	[]	
2	pbkdf2_sha256$1000000$hESr18zkFMdsc7j7hvDDsY$Bae5hHKVDoHmwx7cjRemfnre3MAj8xJJpbQfgnav5HQ=	\N	f	travispickle			umtayz1905@gmail.com	f	t	2025-12-04 10:48:09.454608+00	hey	avatars/logan-trailer-2-225800-1280x0_G0g1HjO.jpeg	covers/file_kvgpjuW.jpg	Umut A	─░stanbul	{"steam": "", "github": "", "twitter": "", "facebook": "", "linkedin": "", "instagram": ""}	gamer	+905379645482	t	t	f	Male	2004-01-29	t	["PC", "Console"]	[{"slot": 0, "cover": "http://localhost:8000/media/games/igdb_1942.jpg", "title": "The Witcher 3: Wild Hunt", "game_id": 2}, {"slot": 1, "cover": "http://localhost:8000/media/games/igdb_119133.jpg", "title": "Elden Ring", "game_id": 35}, {"slot": 2, "cover": "http://localhost:8000/media/games/igdb_472.jpg", "title": "The Elder Scrolls V: Skyrim", "game_id": 4}, {"slot": 3, "cover": "http://localhost:8000/media/games/igdb_19130.jpg", "title": "Sid Meier's Civilization VI", "game_id": 270}]	76561198847905182
\.


--
-- Data for Name: api_user_groups; Type: TABLE DATA; Schema: public; Owner: postgres
--

COPY public.api_user_groups (id, user_id, group_id) FROM stdin;
\.


--
-- Data for Name: api_user_interests; Type: TABLE DATA; Schema: public; Owner: postgres
--

COPY public.api_user_interests (id, user_id, interest_id) FROM stdin;
1	2	1
2	2	2
3	2	3
4	2	4
5	2	5
6	2	6
7	2	7
8	3	4
9	3	8
10	4	8
11	5	9
12	5	10
\.


--
-- Data for Name: api_user_user_permissions; Type: TABLE DATA; Schema: public; Owner: postgres
--

COPY public.api_user_user_permissions (id, user_id, permission_id) FROM stdin;
\.


--
-- Data for Name: auth_group; Type: TABLE DATA; Schema: public; Owner: postgres
--

COPY public.auth_group (id, name) FROM stdin;
\.


--
-- Data for Name: auth_group_permissions; Type: TABLE DATA; Schema: public; Owner: postgres
--

COPY public.auth_group_permissions (id, group_id, permission_id) FROM stdin;
\.


--
-- Data for Name: auth_permission; Type: TABLE DATA; Schema: public; Owner: postgres
--

COPY public.auth_permission (id, name, content_type_id, codename) FROM stdin;
1	Can add log entry	1	add_logentry
2	Can change log entry	1	change_logentry
3	Can delete log entry	1	delete_logentry
4	Can view log entry	1	view_logentry
5	Can add permission	2	add_permission
6	Can change permission	2	change_permission
7	Can delete permission	2	delete_permission
8	Can view permission	2	view_permission
9	Can add group	3	add_group
10	Can change group	3	change_group
11	Can delete group	3	delete_group
12	Can view group	3	view_group
13	Can add content type	4	add_contenttype
14	Can change content type	4	change_contenttype
15	Can delete content type	4	delete_contenttype
16	Can view content type	4	view_contenttype
17	Can add session	5	add_session
18	Can change session	5	change_session
19	Can delete session	5	delete_session
20	Can view session	5	view_session
21	Can add Token	6	add_token
22	Can change Token	6	change_token
23	Can delete Token	6	delete_token
24	Can view Token	6	view_token
25	Can add Token	7	add_tokenproxy
26	Can change Token	7	change_tokenproxy
27	Can delete Token	7	delete_tokenproxy
28	Can view Token	7	view_tokenproxy
29	Can add game	8	add_game
30	Can change game	8	change_game
31	Can delete game	8	delete_game
32	Can view game	8	view_game
33	Can add post	9	add_post
34	Can change post	9	change_post
35	Can delete post	9	delete_post
36	Can view post	9	view_post
37	Can add interest	10	add_interest
38	Can change interest	10	change_interest
39	Can delete interest	10	delete_interest
40	Can view interest	10	view_interest
41	Can add user	11	add_user
42	Can change user	11	change_user
43	Can delete user	11	delete_user
44	Can view user	11	view_user
45	Can add notification	12	add_notification
46	Can change notification	12	change_notification
47	Can delete notification	12	delete_notification
48	Can view notification	12	view_notification
49	Can add follow	13	add_follow
50	Can change follow	13	change_follow
51	Can delete follow	13	delete_follow
52	Can view follow	13	view_follow
53	Can add conversation	14	add_conversation
54	Can change conversation	14	change_conversation
55	Can delete conversation	14	delete_conversation
56	Can view conversation	14	view_conversation
57	Can add message	15	add_message
58	Can change message	15	change_message
59	Can delete message	15	delete_message
60	Can view message	15	view_message
61	Can add library entry	16	add_libraryentry
62	Can change library entry	16	change_libraryentry
63	Can delete library entry	16	delete_libraryentry
64	Can view library entry	16	view_libraryentry
65	Can add review	17	add_review
66	Can change review	17	change_review
67	Can delete review	17	delete_review
68	Can view review	17	view_review
69	Can add review	18	add_review
70	Can change review	18	change_review
71	Can delete review	18	delete_review
72	Can view review	18	view_review
73	Can add news source	19	add_newssource
74	Can change news source	19	change_newssource
75	Can delete news source	19	delete_newssource
76	Can view news source	19	view_newssource
77	Can add news	20	add_news
78	Can change news	20	change_news
79	Can delete news	20	delete_news
80	Can view news	20	view_news
81	Can add social post	21	add_socialpost
82	Can change social post	21	change_socialpost
83	Can delete social post	21	delete_socialpost
84	Can view social post	21	view_socialpost
85	Can add news	22	add_news
86	Can change news	22	change_news
87	Can delete news	22	delete_news
88	Can view news	22	view_news
89	Can add news source	23	add_newssource
90	Can change news source	23	change_newssource
91	Can delete news source	23	delete_newssource
92	Can view news source	23	view_newssource
93	Can add like	24	add_like
94	Can change like	24	change_like
95	Can delete like	24	delete_like
96	Can view like	24	view_like
97	Can add project	25	add_project
98	Can change project	25	change_project
99	Can delete project	25	delete_project
100	Can view project	25	view_project
101	Can add job posting	26	add_jobposting
102	Can change job posting	26	change_jobposting
103	Can delete job posting	26	delete_jobposting
104	Can view job posting	26	view_jobposting
105	Can add post media	27	add_postmedia
106	Can change post media	27	change_postmedia
107	Can delete post media	27	delete_postmedia
108	Can view post media	27	view_postmedia
109	Can add pitch	28	add_pitch
110	Can change pitch	28	change_pitch
111	Can delete pitch	28	delete_pitch
112	Can view pitch	28	view_pitch
113	Can add investor call	29	add_investorcall
114	Can change investor call	29	change_investorcall
115	Can delete investor call	29	delete_investorcall
116	Can view investor call	29	view_investorcall
\.


--
-- Data for Name: authtoken_token; Type: TABLE DATA; Schema: public; Owner: postgres
--

COPY public.authtoken_token (key, created, user_id) FROM stdin;
e6c49c00f9ab4ff6a646a7c2ec91bfe2382847f3	2025-12-04 10:48:18.578213+00	2
58acd10f40b02abcbbf13b64d48a77acbb0d0321	2025-12-04 10:53:09.084797+00	3
329d9bc158bae59cf78622f23c71ac91145d7804	2026-02-04 11:20:24.419049+00	4
9d1acb451878627db9b82096d42539ef8ebbf38f	2026-02-04 11:42:46.887707+00	5
\.


--
-- Data for Name: core_game; Type: TABLE DATA; Schema: public; Owner: postgres
--

COPY public.core_game (id, title, cover_image, release_date, igdb_id) FROM stdin;
1	Grand Theft Auto V	games/igdb_1020.jpg	2013-09-17	1020
2	The Witcher 3: Wild Hunt	games/igdb_1942.jpg	2015-05-19	1942
3	Portal 2	games/igdb_72.jpg	2011-04-18	72
4	The Elder Scrolls V: Skyrim	games/igdb_472.jpg	2011-11-10	472
5	Portal	games/igdb_71.jpg	2007-10-10	71
6	Grand Theft Auto: San Andreas	games/igdb_732.jpg	2004-10-26	732
7	Red Dead Redemption 2	games/igdb_25076.jpg	2018-10-26	25076
8	The Last of Us	games/igdb_1009.jpg	2013-06-14	1009
9	Half-Life 2	games/igdb_233.jpg	2004-11-16	233
10	God of War	games/igdb_19560.jpg	2018-04-20	19560
11	Assassin's Creed II	games/igdb_127.jpg	2009-11-17	127
12	BioShock	games/igdb_20.jpg	2007-08-21	20
13	Grand Theft Auto: Vice City	games/igdb_733.jpg	2002-10-27	733
14	The Legend of Zelda: Breath of the Wild	games/igdb_7346.jpg	2017-03-03	7346
15	Half-Life	games/igdb_231.jpg	1998-11-19	231
16	Mass Effect 2	games/igdb_74.jpg	2010-01-26	74
17	BioShock Infinite	games/igdb_538.jpg	2013-03-25	538
18	Batman: Arkham City	games/igdb_501.jpg	2011-10-18	501
19	Batman: Arkham Asylum	games/igdb_500.jpg	2009-08-25	500
20	Mass Effect	games/igdb_73.jpg	2007-11-20	73
21	Uncharted 4: A Thief's End	games/igdb_7331.jpg	2016-05-10	7331
22	Red Dead Redemption	games/igdb_434.jpg	2010-05-18	434
23	Tomb Raider	games/igdb_1164.jpg	2013-03-04	1164
24	Horizon Zero Dawn	games/igdb_11156.jpg	2017-02-28	11156
25	Fallout: New Vegas	games/igdb_16.jpg	2010-10-19	16
26	Far Cry 3	games/igdb_529.jpg	2012-11-28	529
27	Uncharted 2: Among Thieves	games/igdb_565.jpg	2009-10-13	565
28	The Legend of Zelda: Ocarina of Time	games/igdb_1029.jpg	1998-11-21	1029
29	Minecraft: Java Edition	games/igdb_121.jpg	2011-11-18	121
30	Hollow Knight	games/igdb_14593.jpg	2017-02-24	14593
31	Marvel's Spider-Man	games/igdb_19565.jpg	2018-09-07	19565
32	Super Mario 64	games/igdb_1074.jpg	1996-06-23	1074
33	Super Mario World	games/igdb_1070.jpg	1990-11-21	1070
34	Doom	games/igdb_7351.jpg	2016-05-12	7351
35	Elden Ring	games/igdb_119133.jpg	2022-02-25	119133
36	Mass Effect 3	games/igdb_75.jpg	2012-03-06	75
37	Dishonored	games/igdb_533.jpg	2012-10-09	533
38	Borderlands 2	games/igdb_1011.jpg	2012-09-18	1011
39	Life is Strange	games/igdb_7599.jpg	2015-01-29	7599
40	Grand Theft Auto IV	games/igdb_731.jpg	2008-04-29	731
41	Dark Souls III	games/igdb_11133.jpg	2016-03-24	11133
42	Call of Duty 4: Modern Warfare	games/igdb_623.jpg	2007-11-05	623
43	Assassin's Creed	games/igdb_128.jpg	2007-11-13	128
44	Super Mario Odyssey	games/igdb_26758.jpg	2017-10-27	26758
45	Bloodborne	games/igdb_7334.jpg	2015-03-24	7334
46	Undertale	games/igdb_12517.jpg	2015-09-15	12517
47	Assassin's Creed IV Black Flag	games/igdb_1970.jpg	2013-10-29	1970
48	Fallout 3	games/igdb_15.jpg	2008-10-28	15
49	The Walking Dead	games/igdb_1871.jpg	2012-04-24	1871
50	Max Payne	games/igdb_18.jpg	2001-07-23	18
51	Assassin's Creed Brotherhood	games/igdb_113.jpg	2010-11-16	113
52	The Last of Us Remastered	games/igdb_6036.jpg	2014-07-26	6036
53	Fallout 4	games/igdb_9630.jpg	2015-11-09	9630
54	Super Mario Bros. 3	games/igdb_1068.jpg	1988-10-23	1068
55	Metal Gear Solid	games/igdb_375.jpg	1998-09-03	375
56	The Legend of Zelda: A Link to the Past	games/igdb_1026.jpg	1991-11-21	1026
57	Stardew Valley	games/igdb_17000.jpg	2016-02-26	17000
58	Dark Souls	games/igdb_2155.jpg	2011-09-22	2155
59	Dragon Age: Origins	games/igdb_76.jpg	2009-11-03	76
60	Inside	games/igdb_7342.jpg	2016-06-29	7342
61	Final Fantasy VII	games/igdb_427.jpg	1997-01-31	427
62	Limbo	games/igdb_1331.jpg	2010-07-21	1331
63	Resident Evil 4	games/igdb_974.jpg	2005-01-11	974
64	Warcraft III: Reign of Chaos	games/igdb_132.jpg	2002-07-03	132
65	Grand Theft Auto III	games/igdb_730.jpg	2001-10-22	730
66	The Elder Scrolls IV: Oblivion	games/igdb_59.jpg	2006-03-20	59
67	Hades	games/igdb_113112.jpg	2020-09-17	113112
68	The Last of Us Part II	games/igdb_26192.jpg	2020-06-19	26192
69	Call of Duty: Modern Warfare 2	games/igdb_559.jpg	2009-11-10	559
70	Diablo II	games/igdb_126.jpg	2000-06-29	126
71	Half-Life 2: Episode Two	games/igdb_247.jpg	2007-10-09	247
72	Assassin's Creed III	games/igdb_1266.jpg	2012-10-30	1266
73	Batman: Arkham Knight	games/igdb_5503.jpg	2015-06-23	5503
74	Uncharted 3: Drake's Deception	games/igdb_512.jpg	2011-11-01	512
75	NieR: Automata	games/igdb_11208.jpg	2017-02-23	11208
76	Ori and the Blind Forest	games/igdb_7344.jpg	2015-03-11	7344
77	Star Wars: Knights of the Old Republic	games/igdb_116.jpg	2003-07-15	116
78	Mafia	games/igdb_39.jpg	2002-08-29	39
79	Cyberpunk 2077	games/igdb_1877.jpg	2020-12-10	1877
80	The Witcher 2: Assassins of Kings	games/igdb_478.jpg	2011-05-17	478
81	Middle-earth: Shadow of Mordor	games/igdb_3025.jpg	2014-09-30	3025
82	Celeste	games/igdb_26226.jpg	2018-01-25	26226
83	Counter-Strike: Global Offensive	games/igdb_1372.jpg	2012-08-21	1372
84	Resident Evil 2	games/igdb_19686.jpg	2019-01-25	19686
85	Call of Duty: Black Ops	games/igdb_545.jpg	2010-11-09	545
86	Rise of the Tomb Raider	games/igdb_7323.jpg	2015-11-10	7323
87	Super Mario Bros.	games/igdb_358.jpg	1985-09-13	358
88	Chrono Trigger	games/igdb_1802.jpg	1995-03-11	1802
89	Shadow of the Colossus	games/igdb_2207.jpg	2005-10-18	2207
90	Wolfenstein: The New Order	games/igdb_2031.jpg	2014-05-20	2031
91	Hotline Miami	games/igdb_1384.jpg	2012-10-23	1384
92	Sekiro: Shadows Die Twice	games/igdb_76882.jpg	2019-03-22	76882
93	Metal Gear Solid 3 Snake Eater	games/igdb_379.jpg	2004-11-17	379
94	Super Mario Galaxy	games/igdb_1077.jpg	2007-11-01	1077
95	Assassin's Creed Revelations	games/igdb_537.jpg	2011-11-14	537
96	Dead Space	games/igdb_37.jpg	2008-10-14	37
97	StarCraft	games/igdb_230.jpg	1998-03-31	230
98	Baldur's Gate III	games/igdb_119171.jpg	2023-08-03	119171
99	Uncharted: Drake's Fortune	games/igdb_431.jpg	2007-11-16	431
100	South Park: The Stick of Truth	games/igdb_1262.jpg	2014-03-03	1262
101	Mafia II	games/igdb_40.jpg	2010-08-24	40
102	The Wolf Among Us	games/igdb_2993.jpg	2013-10-11	2993
103	Overwatch	games/igdb_8173.jpg	2016-05-24	8173
104	Detroit: Become Human	games/igdb_14362.jpg	2018-05-25	14362
105	Firewatch	games/igdb_9730.jpg	2016-02-09	9730
106	Rocket League	games/igdb_11198.jpg	2015-07-06	11198
107	Journey	games/igdb_1352.jpg	2012-03-13	1352
108	Sid Meier's Civilization V	games/igdb_866.jpg	2010-09-21	866
109	Left 4 Dead 2	games/igdb_124.jpg	2009-11-17	124
110	Metal Gear Solid V: The Phantom Pain	games/igdb_1985.jpg	2015-09-01	1985
111	Far Cry 4	games/igdb_6801.jpg	2014-11-18	6801
112	Call of Duty: Modern Warfare 3	games/igdb_979.jpg	2011-11-08	979
113	Watch Dogs	games/igdb_1121.jpg	2014-05-26	1121
114	Max Payne 3	games/igdb_960.jpg	2012-05-15	960
115	Silent Hill 2	games/igdb_481.jpg	2001-09-24	481
116	Heavy Rain	games/igdb_493.jpg	2010-02-18	493
117	BioShock 2	games/igdb_21.jpg	2010-02-09	21
118	StarCraft II: Wings of Liberty	games/igdb_239.jpg	2010-07-27	239
119	Dragon Age: Inquisition	games/igdb_1887.jpg	2014-11-18	1887
120	Super Smash Bros. Melee	games/igdb_1627.jpg	2001-11-21	1627
121	Assassin's Creed Origins	games/igdb_28540.jpg	2017-10-26	28540
122	Hellblade: Senua's Sacrifice	games/igdb_7603.jpg	2017-08-07	7603
123	Call of Duty 2	games/igdb_622.jpg	2005-10-25	622
124	God of War	games/igdb_549.jpg	2005-03-22	549
125	Battlefield 3	games/igdb_343.jpg	2011-10-25	343
126	God of War II	games/igdb_551.jpg	2007-03-13	551
127	Persona 5	games/igdb_9927.jpg	2016-09-15	9927
128	Deus Ex: Human Revolution	games/igdb_43.jpg	2011-08-23	43
129	L.A. Noire	games/igdb_109.jpg	2011-05-17	109
130	Age of Empires II: The Age of Kings	games/igdb_327.jpg	1999-09-30	327
131	Final Fantasy X	games/igdb_418.jpg	2001-07-19	418
132	Dead Space 2	games/igdb_38.jpg	2011-01-25	38
133	Super Metroid	games/igdb_1103.jpg	1994-03-19	1103
134	Disco Elysium	games/igdb_26472.jpg	2019-10-15	26472
135	Borderlands	games/igdb_498.jpg	2009-10-20	498
136	Doom	games/igdb_673.jpg	1993-12-10	673
137	The Legend of Zelda: The Wind Waker	games/igdb_1033.jpg	2002-12-13	1033
138	Max Payne 2: The Fall of Max Payne	games/igdb_19.jpg	2003-10-14	19
139	Metal Gear Solid 2: Sons of Liberty	games/igdb_376.jpg	2001-11-13	376
140	The Stanley Parable	games/igdb_3035.jpg	2013-10-17	3035
141	Dying Light	games/igdb_3042.jpg	2015-01-26	3042
142	Resident Evil 7: Biohazard	games/igdb_19562.jpg	2017-01-24	19562
143	Alan Wake	games/igdb_1062.jpg	2010-05-14	1062
144	What Remains of Edith Finch	games/igdb_11233.jpg	2017-04-24	11233
145	Tetris	games/igdb_8197.jpg	1989-11-01	8197
146	Terraria	games/igdb_1879.jpg	2011-05-16	1879
147	Mirror's Edge	games/igdb_1051.jpg	2008-11-11	1051
148	Star Wars Jedi: Fallen Order	games/igdb_74701.jpg	2019-11-15	74701
149	League of Legends	games/igdb_115.jpg	2009-10-27	115
150	Need for Speed: Most Wanted	games/igdb_98.jpg	2005-11-15	98
151	Call of Duty: World at War	games/igdb_625.jpg	2008-11-11	625
152	Fortnite	games/igdb_1905.jpg	2020-06-29	1905
153	Assassin's Creed Unity	games/igdb_5606.jpg	2014-11-11	5606
154	Super Smash Bros. Ultimate	games/igdb_90101.jpg	2018-12-07	90101
155	Diablo III	games/igdb_120.jpg	2012-05-15	120
156	Assassin's Creed Odyssey	games/igdb_103054.jpg	2018-10-05	103054
157	Ghost of Tsushima	games/igdb_75235.jpg	2020-07-17	75235
158	It Takes Two	games/igdb_135243.jpg	2021-03-25	135243
159	Super Mario Galaxy 2	games/igdb_1078.jpg	2010-05-23	1078
160	Halo: Combat Evolved	games/igdb_740.jpg	2001-11-15	740
161	Final Fantasy IX	games/igdb_421.jpg	2000-07-07	421
162	Call of Duty: Black Ops II	games/igdb_1122.jpg	2012-11-12	1122
163	Half-Life 2: Episode One	games/igdb_338.jpg	2006-06-01	338
164	Spec Ops: The Line	games/igdb_1377.jpg	2012-06-26	1377
165	God of War Ragnar├Âk	games/igdb_112875.jpg	2022-11-09	112875
166	Battlefield 4	games/igdb_1979.jpg	2013-10-29	1979
167	Team Fortress 2	games/igdb_891.jpg	2007-10-10	891
168	Control	games/igdb_103329.jpg	2019-08-27	103329
169	World of Warcraft	games/igdb_123.jpg	2004-11-23	123
170	Cuphead	games/igdb_9061.jpg	2017-09-29	9061
171	Metro 2033	games/igdb_495.jpg	2010-03-16	495
172	Fallout 2	games/igdb_14.jpg	1998-10-29	14
173	Battlefield 1	games/igdb_18320.jpg	2016-10-21	18320
174	Metroid Prime	games/igdb_1105.jpg	2002-11-17	1105
175	The Legend of Zelda: Majora's Mask	games/igdb_1030.jpg	2000-04-27	1030
176	The Elder Scrolls III: Morrowind	games/igdb_56.jpg	2002-05-01	56
177	The Walking Dead: Season Two	games/igdb_3097.jpg	2013-12-17	3097
178	Super Meat Boy	games/igdb_885.jpg	2010-10-20	885
179	Need for Speed: Underground 2	games/igdb_97.jpg	2004-11-09	97
180	Deus Ex	games/igdb_41.jpg	2000-06-26	41
181	Call of Duty	games/igdb_621.jpg	2003-10-29	621
182	The Witcher	games/igdb_80.jpg	2007-10-26	80
183	Death Stranding	games/igdb_19564.jpg	2019-11-08	19564
184	Dark Souls II	games/igdb_2368.jpg	2014-03-11	2368
185	Kingdom Hearts II	games/igdb_1221.jpg	2005-12-22	1221
186	Titanfall 2	games/igdb_17447.jpg	2016-10-28	17447
187	Star Wars: Knights of the Old Republic II - The Sith Lords	games/igdb_118.jpg	2004-12-06	118
188	Halo 3	games/igdb_987.jpg	2007-09-25	987
189	Assassin's Creed Syndicate	games/igdb_8263.jpg	2015-10-23	8263
190	Far Cry 5	games/igdb_28552.jpg	2018-03-26	28552
191	Need for Speed: Underground	games/igdb_96.jpg	2003-11-17	96
192	Batman: Arkham Origins	games/igdb_2003.jpg	2013-10-24	2003
193	Castlevania: Symphony of the Night	games/igdb_1128.jpg	1997-03-20	1128
194	God of War III	games/igdb_499.jpg	2010-03-16	499
195	Brothers: A Tale of Two Sons	games/igdb_1334.jpg	2013-08-07	1334
196	Crysis	games/igdb_296.jpg	2007-11-13	296
197	The Legend of Zelda: Tears of the Kingdom	games/igdb_119388.jpg	2023-05-12	119388
198	Bastion	games/igdb_1983.jpg	2011-07-20	1983
199	Resident Evil 5	games/igdb_847.jpg	2009-03-05	847
200	Final Fantasy III	games/igdb_426.jpg	1994-04-02	426
201	A Plague Tale: Innocence	games/igdb_27316.jpg	2019-05-14	27316
202	Dishonored 2	games/igdb_11118.jpg	2016-11-11	11118
203	Prince of Persia: The Sands of Time	games/igdb_836.jpg	2003-11-11	836
204	Dota 2	games/igdb_2963.jpg	2013-07-09	2963
205	Beyond: Two Souls	games/igdb_1342.jpg	2013-10-08	1342
206	Left 4 Dead	games/igdb_122.jpg	2008-11-17	122
207	The Last of Us Part I	games/igdb_204350.jpg	2022-09-02	204350
208	Outer Wilds	games/igdb_11737.jpg	2019-05-28	11737
209	Counter-Strike	games/igdb_241.jpg	2000-11-09	241
210	The Legend of Zelda	games/igdb_1022.jpg	1986-02-21	1022
211	Saints Row: The Third	games/igdb_873.jpg	2011-11-15	873
212	Hearthstone	games/igdb_1279.jpg	2014-03-11	1279
213	Until Dawn	games/igdb_7609.jpg	2015-08-25	7609
214	Metro: Last Light	games/igdb_539.jpg	2013-05-14	539
215	Metal Gear Solid 4: Guns of the Patriots	games/igdb_380.jpg	2008-06-12	380
216	Star Wars: Battlefront II	games/igdb_142.jpg	2005-10-31	142
217	Watch Dogs 2	games/igdb_19441.jpg	2016-11-15	19441
218	The Legend of Zelda: Twilight Princess	games/igdb_1036.jpg	2006-12-02	1036
219	The Legend of Zelda: A Link Between Worlds	games/igdb_2909.jpg	2013-11-22	2909
220	Call of Duty: Ghosts	games/igdb_2033.jpg	2013-11-05	2033
221	Super Mario World 2: Yoshi's Island	games/igdb_1073.jpg	1995-08-05	1073
222	Doom Eternal	games/igdb_103298.jpg	2020-03-19	103298
223	Papers, Please	games/igdb_2935.jpg	2013-08-08	2935
224	Crash Bandicoot	games/igdb_1185.jpg	1996-09-09	1185
225	Age of Empires	games/igdb_289.jpg	1997-10-15	289
226	Little Nightmares	games/igdb_9174.jpg	2017-04-28	9174
227	Mario Kart 8	games/igdb_2350.jpg	2014-05-29	2350
228	Dragon Age II	games/igdb_78.jpg	2011-03-08	78
229	Alien: Isolation	games/igdb_4754.jpg	2014-10-06	4754
230	Heroes of Might and Magic III: The Restoration of Erathia	games/igdb_364.jpg	1999-02-28	364
231	Cities: Skylines	games/igdb_9066.jpg	2015-03-10	9066
232	Outlast	games/igdb_1910.jpg	2013-09-04	1910
233	Prey	games/igdb_19531.jpg	2017-05-04	19531
234	Halo 2	games/igdb_986.jpg	2004-11-09	986
235	Rayman Legends	games/igdb_1968.jpg	2013-08-30	1968
236	Hitman: Absolution	games/igdb_530.jpg	2012-11-19	530
237	Sleeping Dogs	games/igdb_1267.jpg	2012-08-13	1267
238	Soma	games/igdb_9727.jpg	2015-09-21	9727
239	Halo: Reach	games/igdb_990.jpg	2010-09-14	990
240	Fallout: A Post Nuclear Role Playing Game	games/igdb_13.jpg	1997-10-10	13
241	Persona 5 Royal	games/igdb_114283.jpg	2019-10-31	114283
242	Battlefield: Bad Company 2	games/igdb_352.jpg	2010-03-02	352
243	Stray	games/igdb_110248.jpg	2022-07-19	110248
244	The Sims 4	games/igdb_3212.jpg	2014-09-02	3212
245	Shadow of the Tomb Raider	games/igdb_37777.jpg	2018-09-14	37777
246	Plants vs. Zombies	games/igdb_1277.jpg	2009-05-05	1277
247	Crysis 2	games/igdb_471.jpg	2011-03-22	471
248	Apex Legends	games/igdb_114795.jpg	2019-02-04	114795
249	The Sims 3	games/igdb_260.jpg	2009-06-02	260
250	The Outer Worlds	games/igdb_113114.jpg	2019-10-25	113114
251	A Way Out	games/igdb_36897.jpg	2018-03-23	36897
252	Mass Effect Trilogy	games/igdb_45181.jpg	2012-11-06	45181
253	Metro Exodus	games/igdb_37016.jpg	2019-02-15	37016
254	Sonic the Hedgehog	games/igdb_3192.jpg	1991-06-23	3192
255	Destiny 2	games/igdb_25657.jpg	2017-09-06	25657
256	Pok├®mon Emerald Version	games/igdb_1517.jpg	2004-09-16	1517
257	Dead Cells	games/igdb_26855.jpg	2018-08-06	26855
258	Braid	games/igdb_2853.jpg	2008-08-06	2853
259	Vampire: The Masquerade - Bloodlines	games/igdb_11.jpg	2004-11-16	11
260	Wolfenstein II: The New Colossus	games/igdb_36952.jpg	2017-10-26	36952
261	Mario Kart 8 Deluxe	games/igdb_26764.jpg	2017-04-28	26764
262	Sonic the Hedgehog 2	games/igdb_4438.jpg	1992-11-01	4438
263	Call of Duty: Advanced Warfare	games/igdb_6632.jpg	2014-11-03	6632
264	Genshin Impact	games/igdb_119277.jpg	2020-09-28	119277
265	Mario Kart 64	games/igdb_2342.jpg	1996-12-14	2342
266	Pok├®mon Red Version	games/igdb_1561.jpg	1996-02-27	1561
267	Donkey Kong Country	games/igdb_1090.jpg	1994-11-18	1090
268	Diablo	games/igdb_125.jpg	1996-12-31	125
269	Monkey Island 2: LeChuck's Revenge	games/igdb_61.jpg	1991-12-01	61
270	Sid Meier's Civilization VI	games/igdb_19130.jpg	2016-10-20	19130
271	Super Smash Bros. Brawl	games/igdb_1628.jpg	2008-01-31	1628
272	Mario Kart Wii	games/igdb_2183.jpg	2008-04-10	2183
273	The Witcher 3: Wild Hunt - Game of the Year Edition	games/igdb_22439.jpg	2016-08-29	22439
274	No Man's Sky	games/igdb_3225.jpg	2016-08-09	3225
275	Call of Duty: WWII	games/igdb_28204.jpg	2017-11-02	28204
276	Final Fantasy XV	games/igdb_359.jpg	2016-11-29	359
277	Warcraft III: The Frozen Throne	games/igdb_133.jpg	2003-07-01	133
278	Resident Evil 2	games/igdb_880.jpg	1998-01-21	880
279	Kingdom Hearts	games/igdb_1219.jpg	2002-03-28	1219
280	Tales from the Borderlands	games/igdb_6707.jpg	2014-11-25	6707
281	Call of Duty: Black Ops III	games/igdb_9509.jpg	2015-11-06	9509
282	Tekken 3	games/igdb_1244.jpg	1997-03-20	1244
283	Monster Hunter: World	games/igdb_36926.jpg	2018-01-26	36926
284	Super Mario Bros. 2	games/igdb_1067.jpg	1988-10-09	1067
285	Bayonetta	games/igdb_2136.jpg	2009-10-29	2136
286	Saints Row IV	games/igdb_1981.jpg	2013-08-20	1981
287	XCOM: Enemy Unknown	games/igdb_1318.jpg	2012-10-09	1318
288	F.E.A.R.	games/igdb_517.jpg	2005-10-17	517
289	Silent Hill	games/igdb_480.jpg	1999-02-24	480
290	Hitman	games/igdb_11157.jpg	2016-03-11	11157
291	Assassin's Creed Rogue	games/igdb_7570.jpg	2014-11-11	7570
292	Deus Ex: Mankind Divided	games/igdb_9498.jpg	2016-08-23	9498
293	Hogwarts Legacy	games/igdb_136625.jpg	2023-02-10	136625
294	Days Gone	games/igdb_19561.jpg	2019-04-26	19561
295	The Witcher 3: Wild Hunt - Hearts of Stone	games/igdb_12503.jpg	2015-10-12	12503
296	Pok├®mon FireRed Version	games/igdb_1559.jpg	2004-01-29	1559
297	Mad Max	games/igdb_2552.jpg	2015-09-01	2552
298	EarthBound	games/igdb_2899.jpg	1994-08-27	2899
299	Gone Home	games/igdb_1906.jpg	2013-08-15	1906
300	Subnautica	games/igdb_9254.jpg	2018-01-23	9254
301	Persona 4 Golden	games/igdb_2985.jpg	2012-06-15	2985
302	Grand Theft Auto 2	games/igdb_819.jpg	1999-10-22	819
303	Need for Speed: Carbon	games/igdb_99.jpg	2006-10-31	99
304	Resident Evil 4	games/igdb_132181.jpg	2023-03-24	132181
305	Hitman: Blood Money	games/igdb_1048.jpg	2006-05-26	1048
306	PUBG: Battlegrounds	games/igdb_27789.jpg	2017-12-20	27789
307	SuperHot	games/igdb_7205.jpg	2016-02-25	7205
308	The Binding of Isaac: Rebirth	games/igdb_7789.jpg	2014-11-04	7789
309	Gears of War	games/igdb_547.jpg	2006-11-07	547
310	Far Cry 2	games/igdb_361.jpg	2008-10-21	361
311	Halo 4	games/igdb_991.jpg	2012-11-06	991
312	Ori and the Will of the Wisps	games/igdb_37001.jpg	2020-03-10	37001
313	Borderlands 3	games/igdb_19164.jpg	2019-09-13	19164
314	Doom II: Hell on Earth	games/igdb_312.jpg	1994-09-30	312
315	Star Wars Battlefront II	games/igdb_26401.jpg	2017-11-17	26401
316	Counter-Strike: Source	games/igdb_307.jpg	2004-10-07	307
317	Fall Guys	games/igdb_119313.jpg	2020-08-04	119313
318	Shovel Knight	games/igdb_7444.jpg	2014-06-26	7444
319	Mass Effect: Andromeda	games/igdb_7349.jpg	2017-03-21	7349
320	Pok├®mon Yellow Version: Special Pikachu Edition	games/igdb_1512.jpg	1998-09-12	1512
321	Far Cry	games/igdb_306.jpg	2004-03-23	306
322	The Sims 2	games/igdb_224.jpg	2004-09-14	224
323	Gris	games/igdb_22917.jpg	2018-12-13	22917
324	Metal Gear Rising: Revengeance	games/igdb_378.jpg	2013-02-19	378
325	Baldur's Gate II: Shadows of Amn	games/igdb_6.jpg	2000-09-21	6
326	Tom Clancy's Rainbow Six Siege X	games/igdb_7360.jpg	2015-12-01	7360
327	Black Mesa	games/igdb_6739.jpg	2020-03-06	6739
328	Among Us	games/igdb_111469.jpg	2018-06-15	111469
329	Resident Evil 6	games/igdb_1082.jpg	2012-10-02	1082
330	Dead Island	games/igdb_536.jpg	2011-09-06	536
331	Super Mario Sunshine	games/igdb_1075.jpg	2002-07-19	1075
332	The Legend of Zelda: Ocarina of Time 3D	games/igdb_1039.jpg	2011-06-16	1039
333	Prince of Persia: Warrior Within	games/igdb_837.jpg	2004-11-30	837
334	Crash Bandicoot: Warped	games/igdb_1187.jpg	1998-11-03	1187
335	The Sims	games/igdb_223.jpg	2000-02-04	223
336	Uncharted: The Lost Legacy	games/igdb_26193.jpg	2017-08-22	26193
337	Clair Obscur: Expedition 33	games/igdb_305152.jpg	2025-04-24	305152
338	Dark Souls: Remastered	games/igdb_81085.jpg	2018-05-23	81085
339	Paper Mario: The Thousand-Year Door	games/igdb_3349.jpg	2004-07-22	3349
340	Doki Doki Literature Club!	games/igdb_55935.jpg	2017-09-22	55935
341	Amnesia: The Dark Descent	games/igdb_111.jpg	2010-09-08	111
342	Burnout Paradise	games/igdb_620.jpg	2008-01-22	620
343	Infamous: Second Son	games/igdb_1941.jpg	2014-03-21	1941
344	Devil May Cry 5	games/igdb_76253.jpg	2019-03-08	76253
345	Final Fantasy VIII	games/igdb_425.jpg	1999-02-11	425
346	The Witness	games/igdb_5601.jpg	2016-01-26	5601
347	Marvel's Spider-Man: Miles Morales	games/igdb_134581.jpg	2020-11-12	134581
348	Resident Evil 3	games/igdb_115115.jpg	2020-04-03	115115
349	The Secret of Monkey Island	games/igdb_60.jpg	1990-10-01	60
350	Metal Gear Solid V: Ground Zeroes	games/igdb_5328.jpg	2014-03-18	5328
351	Crash Bandicoot 2: Cortex Strikes Back	games/igdb_1186.jpg	1997-11-06	1186
352	Yakuza 0	games/igdb_11397.jpg	2015-03-12	11397
353	Transistor	games/igdb_3022.jpg	2014-05-20	3022
354	Slay the Spire	games/igdb_40477.jpg	2019-01-23	40477
355	Grand Theft Auto	games/igdb_980.jpg	1997-10-21	980
356	Pok├®mon Blue Version	games/igdb_1511.jpg	1996-10-15	1511
357	Life is Strange: Before the Storm	games/igdb_29004.jpg	2017-08-31	29004
358	DmC: Devil May Cry	games/igdb_1254.jpg	2013-01-15	1254
359	Pok├®mon Go	games/igdb_12515.jpg	2016-07-06	12515
360	Destiny	games/igdb_1939.jpg	2014-09-09	1939
361	Final Fantasy VII Remake	games/igdb_11169.jpg	2020-04-10	11169
362	Payday 2	games/igdb_2058.jpg	2013-08-13	2058
363	Animal Crossing: New Horizons	games/igdb_109462.jpg	2020-03-19	109462
364	Valorant	games/igdb_126459.jpg	2020-06-02	126459
365	Warframe	games/igdb_2903.jpg	2013-03-25	2903
366	Path of Exile	games/igdb_1911.jpg	2013-10-23	1911
367	Resident Evil Village	games/igdb_55163.jpg	2021-05-06	55163
368	Just Cause 2	games/igdb_558.jpg	2010-03-23	558
369	The Witcher 3: Wild Hunt - Blood and Wine	games/igdb_13166.jpg	2016-05-30	13166
370	Prince of Persia: The Two Thrones	games/igdb_2437.jpg	2005-12-01	2437
371	Super Smash Bros.	games/igdb_1626.jpg	1999-01-21	1626
372	Abzu	games/igdb_7352.jpg	2016-08-02	7352
373	Mortal Kombat X	games/igdb_7292.jpg	2015-04-13	7292
374	Age of Mythology	games/igdb_324.jpg	2002-10-30	324
375	Donkey Kong Country 2: Diddy's Kong Quest	games/igdb_1092.jpg	1995-11-21	1092
376	Ratchet & Clank	games/igdb_11065.jpg	2016-04-12	11065
377	To the Moon	games/igdb_5025.jpg	2011-11-01	5025
378	Day of the Tentacle	games/igdb_193.jpg	1993-06-25	193
379	Mafia III	games/igdb_11492.jpg	2016-10-07	11492
380	Tomb Raider	games/igdb_912.jpg	1996-10-24	912
381	Return to Castle Wolfenstein	games/igdb_281.jpg	2001-11-19	281
382	Fez	games/igdb_1991.jpg	2012-04-13	1991
383	Middle-earth: Shadow of War	games/igdb_27421.jpg	2017-10-10	27421
384	Super Mario Kart	games/igdb_2332.jpg	1992-08-27	2332
385	Far Cry: Primal	games/igdb_13182.jpg	2016-02-23	13182
386	Return of the Obra Dinn	games/igdb_9643.jpg	2018-10-18	9643
387	S.T.A.L.K.E.R.: Shadow of Chernobyl	games/igdb_320.jpg	2007-03-23	320
388	Darksiders	games/igdb_1270.jpg	2010-01-05	1270
389	Star Wars: The Force Unleashed	games/igdb_475.jpg	2008-09-16	475
390	Resident Evil	games/igdb_8254.jpg	2014-11-27	8254
391	Age of Empires III	games/igdb_299.jpg	2005-10-18	299
392	The Talos Principle	games/igdb_7386.jpg	2014-12-11	7386
393	Devil May Cry 4	games/igdb_112.jpg	2008-01-31	112
394	Duke Nukem 3D	games/igdb_342.jpg	1996-04-19	342
395	Hotline Miami 2: Wrong Number	games/igdb_2126.jpg	2015-03-10	2126
396	Gothic II	games/igdb_2262.jpg	2002-11-29	2262
397	Gears of War 2	games/igdb_548.jpg	2008-11-07	548
398	Crash Team Racing	games/igdb_1192.jpg	1999-10-19	1192
399	Resident Evil 3: Nemesis	games/igdb_966.jpg	1999-09-22	966
400	Minecraft	games/igdb_135400.jpg	2016-12-19	135400
401	Darkest Dungeon	games/igdb_8965.jpg	2016-01-19	8965
402	Star Wars Battlefront	games/igdb_2113.jpg	2015-11-17	2113
403	Resident Evil	games/igdb_424.jpg	1996-03-22	424
404	Super Mario 3D World	games/igdb_2180.jpg	2013-11-21	2180
405	Mortal Kombat	games/igdb_119.jpg	2011-04-19	119
406	Garry's Mod	games/igdb_3278.jpg	2004-12-24	3278
407	The Evil Within	games/igdb_4786.jpg	2014-10-14	4786
408	Need for Speed: Most Wanted	games/igdb_3193.jpg	2012-10-30	3193
409	Gothic	games/igdb_2261.jpg	2001-10-30	2261
410	Valiant Hearts: The Great War	games/igdb_7327.jpg	2014-06-24	7327
411	FTL: Faster Than Light	games/igdb_3075.jpg	2012-09-14	3075
412	Dark Souls II: Scholar of the First Sin	games/igdb_8222.jpg	2015-04-02	8222
413	Pok├®mon Crystal Version	games/igdb_1514.jpg	2000-12-14	1514
414	Wolfenstein: The Old Blood	games/igdb_9192.jpg	2015-05-04	9192
415	Command & Conquer: Red Alert 2	games/igdb_245.jpg	2000-10-25	245
416	Hitman 2: Silent Assassin	games/igdb_748.jpg	2002-09-30	748
417	Mafia: Definitive Edition	games/igdb_134070.jpg	2020-09-24	134070
418	Oxenfree	games/igdb_14587.jpg	2016-01-14	14587
419	Divinity: Original Sin II	games/igdb_11800.jpg	2017-09-14	11800
420	Final Fantasy XIII	games/igdb_389.jpg	2009-12-17	389
421	Wii Sports	games/igdb_2181.jpg	2006-11-19	2181
422	The Legend of Zelda: The Minish Cap	games/igdb_1035.jpg	2004-11-04	1035
423	Indiana Jones and the Fate of Atlantis	games/igdb_184.jpg	1992-06-01	184
424	Call of Duty: Modern Warfare	games/igdb_119177.jpg	2019-10-25	119177
425	Doom 3	games/igdb_280.jpg	2004-08-03	280
426	Assassin's Creed Valhalla	games/igdb_133004.jpg	2020-11-10	133004
427	Machinarium	games/igdb_2990.jpg	2009-10-16	2990
428	Pok├®mon Platinum Version	games/igdb_1519.jpg	2008-09-13	1519
429	The Binding of Isaac	games/igdb_2132.jpg	2011-09-28	2132
430	Kingdom Come: Deliverance	games/igdb_4843.jpg	2018-02-13	4843
431	Psychonauts	games/igdb_1339.jpg	2005-04-19	1339
432	Quake III Arena	games/igdb_355.jpg	1999-12-02	355
433	Star Wars: Jedi Knight - Jedi Academy	games/igdb_153.jpg	2003-09-16	153
434	Dead Space 3	games/igdb_1216.jpg	2013-02-05	1216
435	The Elder Scrolls V: Skyrim - Special Edition	games/igdb_19457.jpg	2016-10-27	19457
436	Just Cause 3	games/igdb_8187.jpg	2015-11-30	8187
437	GoldenEye 007	games/igdb_1638.jpg	1997-08-23	1638
438	Tony Hawk's Pro Skater 2	games/igdb_913.jpg	2000-09-19	913
439	Forza Horizon 4	games/igdb_82090.jpg	2018-10-02	82090
440	XCOM 2	games/igdb_10919.jpg	2016-02-04	10919
441	Pok├®mon Silver Version	games/igdb_1513.jpg	1999-11-21	1513
442	Tom Clancy's Splinter Cell	games/igdb_910.jpg	2002-11-12	910
443	Silent Hill 3	games/igdb_482.jpg	2003-05-23	482
444	Mario Kart DS	games/igdb_2345.jpg	2005-11-14	2345
445	Planescape: Torment	games/igdb_832.jpg	1999-12-12	832
446	Tom Clancy's The Division	games/igdb_2114.jpg	2016-03-07	2114
447	Borderlands: The Pre-Sequel	games/igdb_6032.jpg	2014-10-14	6032
448	LEGO Star Wars: The Complete Saga	games/igdb_2682.jpg	2007-11-06	2682
449	Indigo Prophecy	games/igdb_1928.jpg	2005-09-16	1928
450	Call of Duty: Infinite Warfare	games/igdb_18968.jpg	2016-11-04	18968
451	Crysis 3	games/igdb_1268.jpg	2013-02-19	1268
452	Halo 3: ODST	games/igdb_989.jpg	2009-09-22	989
453	The Legend of Zelda: Skyward Sword	games/igdb_534.jpg	2011-11-18	534
454	New Super Mario Bros.	games/igdb_1076.jpg	2006-05-15	1076
455	This War of Mine	games/igdb_7706.jpg	2014-11-14	7706
456	Frostpunk	games/igdb_23248.jpg	2018-04-24	23248
457	Pok├®mon Gold Version	games/igdb_1558.jpg	1999-11-21	1558
458	Pok├®mon SoulSilver Version	games/igdb_1520.jpg	2009-09-12	1520
459	Mega Man 2	games/igdb_1715.jpg	1989-06-02	1715
460	Rayman Origins	games/igdb_981.jpg	2011-11-15	981
461	Prototype	games/igdb_570.jpg	2009-06-09	570
462	Beyond Good & Evil	games/igdb_1341.jpg	2003-11-11	1341
463	The Legend of Zelda: The Wind Waker HD	games/igdb_2276.jpg	2013-09-26	2276
464	Spore	games/igdb_1876.jpg	2008-09-04	1876
465	Grim Fandango	games/igdb_181.jpg	1998-10-28	181
466	Fallout Shelter	games/igdb_11119.jpg	2015-06-14	11119
467	Need for Speed: Hot Pursuit	games/igdb_105.jpg	2010-11-16	105
468	Quake	games/igdb_333.jpg	1996-06-22	333
469	Warcraft II: Tides of Darkness	games/igdb_130.jpg	1995-12-09	130
470	Super Mario 3D Land	games/igdb_1079.jpg	2011-11-03	1079
471	Overwatch 2	games/igdb_125174.jpg	2023-08-10	125174
472	Demon's Souls	games/igdb_5619.jpg	2009-02-05	5619
473	Mount & Blade: Warband	games/igdb_2025.jpg	2010-03-31	2025
474	Far Cry 3: Blood Dragon	games/igdb_2001.jpg	2013-04-30	2001
475	Street Fighter II	games/igdb_3186.jpg	1991-02-01	3186
476	The Vanishing of Ethan Carter	games/igdb_2939.jpg	2014-09-25	2939
477	Batman: The Telltale Series	games/igdb_14746.jpg	2016-08-02	14746
478	Battlefield V	games/igdb_83728.jpg	2018-11-20	83728
479	Mario Kart: Double Dash!!	games/igdb_2344.jpg	2003-11-07	2344
480	Half-Life: Opposing Force	games/igdb_232.jpg	1999-11-10	232
481	Don't Starve	games/igdb_3152.jpg	2013-04-23	3152
482	System Shock 2	games/igdb_22.jpg	1999-08-11	22
483	Euro Truck Simulator 2	games/igdb_3070.jpg	2012-10-19	3070
484	Guitar Hero III: Legends of Rock	games/igdb_2671.jpg	2007-10-28	2671
485	Bulletstorm	games/igdb_494.jpg	2011-02-22	494
486	Shadow of the Colossus	games/igdb_37094.jpg	2018-02-06	37094
487	Dead by Daylight	games/igdb_18866.jpg	2016-06-14	18866
488	Devil May Cry 3: Dante's Awakening	games/igdb_136.jpg	2005-02-17	136
489	Child of Light	games/igdb_4756.jpg	2014-04-29	4756
490	Devil May Cry	games/igdb_134.jpg	2001-08-23	134
491	Diablo II: Lord of Destruction	games/igdb_246.jpg	2001-06-27	246
492	Command & Conquer: Red Alert	games/igdb_295.jpg	1996-11-22	295
493	Broforce	games/igdb_5973.jpg	2015-10-15	5973
494	Diablo III: Reaper of Souls	games/igdb_3182.jpg	2014-03-25	3182
495	Half-Life: Blue Shift	games/igdb_2549.jpg	2001-06-12	2549
496	Banjo-Kazooie	games/igdb_2148.jpg	1998-06-29	2148
497	Inscryption	games/igdb_139090.jpg	2021-10-19	139090
498	Quantum Break	games/igdb_3750.jpg	2016-04-05	3750
499	Crash Bandicoot N. Sane Trilogy	games/igdb_26196.jpg	2017-06-30	26196
500	Game of Thrones: A Telltale Games Series	games/igdb_7610.jpg	2014-12-02	7610
501	Counter-Strike 2	games/730.jpg	\N	\N
502	The Witcher: Enhanced Edition	games/20900.jpg	\N	\N
503	The Witcher 2: Assassins of Kings Enhanced Edition	games/20920.jpg	\N	\N
504	Total War: SHOGUN 2	games/34330.jpg	\N	\N
505	Batman: Arkham Asylum GOTY Edition	games/35140.jpg	\N	\N
506	Mafia II (Classic)	games/50130.jpg	\N	\N
507	Batman: Arkham City GOTY	games/200260.jpg	\N	\N
508	Alan Wake's American Nightmare	games/202750.jpg	\N	\N
509	BatmanÔäó: Arkham Knight	games/208650.jpg	\N	\N
510	Europa Universalis IV	games/236850.jpg	\N	\N
511	The Forest	games/242760.jpg	\N	\N
512	7 Days to Die	games/251570.jpg	\N	\N
513	Age of Mythology: Extended Edition	games/266840.jpg	\N	\N
514	ENDLESSÔäó Legend	games/289130.jpg	\N	\N
515	Ryse: Son of Rome	games/302510.jpg	\N	\N
516	Strange Brigade	games/312670.jpg	\N	\N
517	Don't Starve Together	games/322330.jpg	\N	\N
518	ARK: Survival Evolved	games/346110.jpg	\N	\N
519	Mafia III: Definitive Edition	games/360430.jpg	\N	\N
520	Polyball	games/368180.jpg	\N	\N
521	Hearts of Iron IV	games/394360.jpg	\N	\N
522	ARK: Survival Of The Fittest		\N	\N
523	911 Operator	games/503560.jpg	\N	\N
524	Warhammer: Vermintide 2	games/552500.jpg	\N	\N
525	Death Fungeon	games/897630.jpg	\N	\N
526	Age of Empires III: Definitive Edition	games/933110.jpg	\N	\N
527	Mafia II: Definitive Edition	games/1030830.jpg	\N	\N
528	Sea of Thieves	games/1172620.jpg	\N	\N
529	Need for SpeedÔäó Heat 	games/1222680.jpg	\N	\N
530	BattlefieldÔäó 1	games/1238840.jpg	\N	\N
531	The Walking Dead: The Telltale Definitive Series	games/1449690.jpg	\N	\N
532	Content Warning	games/2881650.jpg	\N	\N
533	Europa Universalis V		\N	\N
\.


--
-- Data for Name: core_investorcall; Type: TABLE DATA; Schema: public; Owner: postgres
--

COPY public.core_investorcall (id, organization_name, investor_type, looking_for, ticket_size, deadline, created_at, is_active, user_id) FROM stdin;
1	Roark Forge	angel	Contrary to popular belief, Lorem Ipsum is not simply random text. It has roots in a piece of classical Latin literature from 45 BC, making it over 2000 years old. Richard McClintock, a Latin professor at Hampden-Sydney College in Virginia, looked up one of the more obscure Latin words, consectetur, from a Lorem Ipsum passage, and going through the cites of the word in classical literature, discovered the undoubtable source. Lorem Ipsum comes from sections 1.10.32 and 1.10.33 of "de Finibus Bonorum et Malorum" (The Extremes of Good and Evil) by Cicero, written in 45 BC. This book is a treatise on the theory of ethics, very popular during the Renaissance. The first line of Lorem Ipsum, "Lorem ipsum dolor sit amet..", comes from a line in section 1.10.32.\n\nThe standard chunk of Lorem Ipsum used since the 1500s is reproduced below for those interested. Sections 1.10.32 and 1.10.33 from "de Finibus Bonorum et Malorum" by Cicero are also reproduced in their exact original form, accompanied by English versions from the 1914 translation by H. Rackham.	100k - 200k	2026-05-22	2026-02-04 08:27:21.401135+00	t	2
\.


--
-- Data for Name: core_jobposting; Type: TABLE DATA; Schema: public; Owner: postgres
--

COPY public.core_jobposting (id, title, description, job_type, location_type, experience_level, is_active, created_at, recruiter_id, project_id) FROM stdin;
\.


--
-- Data for Name: core_like; Type: TABLE DATA; Schema: public; Owner: postgres
--

COPY public.core_like (id, "timestamp", news_id, post_id, review_id, user_id) FROM stdin;
\.


--
-- Data for Name: core_news; Type: TABLE DATA; Schema: public; Owner: postgres
--

COPY public.core_news (id, title, link, image_url, description, pub_date, category, source_id) FROM stdin;
66	Chris Kerr's top 5 games of the year - 2025 Wrap-Up	https://www.gamedeveloper.com/business/chris-kerr-s-top-f5-games-of-the-year-2025-wrap-up	https://eu-images.contentstack.com/v3/assets/blt740a130ae3c5d529/bltae156f57f2c74faf/694430cf55d0926eface2a7a/Image_Template_-_CHRIS_BEST_OF.png?width=1280&auto=webp&quality=80&disable=upscale	Here's to video games and the people who make them.	2025-12-23 11:59:00+00	devs	2
67	Obituary: Famed developer Vince Zampella has passed away at age 55	https://www.gamedeveloper.com/business/obituary-famed-developer-vince-zampella-has-passed-away-at-age-55	https://eu-images.contentstack.com/v3/assets/blt740a130ae3c5d529/bltefab4e75e3b1562c/6949af592971fd588ba5e99f/ss_b07bdd64ce6a7f61327ed6e63ab324e209dd913d.1920x1080.jpg?width=1280&auto=webp&quality=80&disable=upscale	The former Infinity Ward CEO and Respawn entertainment co-founder was killed in a vehicle accident.	2025-12-22 20:48:01+00	devs	2
68	Report: Naughty Dog employees hit with mandatory overtime on Intergalactic	https://www.gamedeveloper.com/business/report-naughty-dog-employees-hit-with-mandatory-overtime-on-intergalactic	https://eu-images.contentstack.com/v3/assets/blt740a130ae3c5d529/blt11ef3ad8cf5d53d5/6949748dd117d9c869110d47/intergalactic_action_shot.png?width=1280&auto=webp&quality=80&disable=upscale	Workers at Sony's Naughty Dog are reportedly working extra hours on the demo for Intergalactic: The Heretic Prophet.	2025-12-22 16:32:16+00	devs	2
69	Are these the 100 most influential games of all time? ft. Tanya Short - Game Developer Podcast Ep. 62	https://www.gamedeveloper.com/design/are-these-the-100-most-influential-games-of-all-time-ft-tanya-short-game-developer-podcast-ep-62	https://eu-images.contentstack.com/v3/assets/blt740a130ae3c5d529/bltf1ca3d81d188862c/69417c70fad0bfc91a34fb8a/tanyashort.png?width=1280&auto=webp&quality=80&disable=upscale	These game designers say Portal is the most influential game of all-time. Do you agree?	2025-12-19 15:30:00+00	devs	2
70	Who killed the game industry? Union workers make splash at Game Awards protest	https://www.gamedeveloper.com/business/-who-killed-the-game-industry-union-workers-make-splash-at-game-awards-protest	https://eu-images.contentstack.com/v3/assets/blt740a130ae3c5d529/bltc739907148915fd4/69441998ae841a8606a6328a/uvwprotest2025.jpg?width=1280&auto=webp&quality=80&disable=upscale	A vigil for those trampled in the name of profits.	2025-12-19 15:25:32+00	devs	2
71	Dev backlash over Larian CEO's genAI praise is about leadership, not just tech	https://www.gamedeveloper.com/production/dev-backlash-to-larian-ceo-s-ai-comments-is-about-leadership-not-just-tech	https://eu-images.contentstack.com/v3/assets/blt740a130ae3c5d529/blt187c43f1fcb5374e/69440bf7705c8fc71497595f/divinitycrownguyfeatured.jpg?width=1280&auto=webp&quality=80&disable=upscale	A bubbling pot is beginning to boil over.	2025-12-18 20:00:00+00	devs	2
72	The 10 game industry trends that made (and plagued) this year - 2025 Wrap-Up	https://www.gamedeveloper.com/business/game-developer-s-2025-wrap-up-the-trends-that-made-and-plagued-this-year	https://eu-images.contentstack.com/v3/assets/blt740a130ae3c5d529/bltdf362ce91b896ad8/6941b7b0bbf6bca82c111940/AdobeStock_1521477899.jpg?width=1280&auto=webp&quality=80&disable=upscale	The trends of 2025 could be best defined as 'stress-inducing.'	2025-12-18 16:45:19+00	devs	2
73	FIFA and Netflix partner for a new soccer game	https://www.gamedeveloper.com/business/fifa-and-netflix-partner-for-a-new-football-game	https://eu-images.contentstack.com/v3/assets/blt740a130ae3c5d529/bltfbca89227f87fbb1/69441ee30d23699f1e924b14/fifa.jpg?width=1280&auto=webp&quality=80&disable=upscale	The game will be developed and published by Delphi Interactive, a studio that collaborated with IO Interactive in 007 First Light.	2025-12-18 15:31:22+00	devs	2
74	Tencent and Sony reach 'confidential settlement' on Horizon cloning lawsuit	https://www.gamedeveloper.com/business/tencent-and-sony-settle-horizon-cloning-lawsuit	https://eu-images.contentstack.com/v3/assets/blt740a130ae3c5d529/blt27203b3bda698826/69440a6f516b71446d8b7eb0/light_of_motiram_lawsuit.webp?width=1280&auto=webp&quality=80&disable=upscale	Light of Motiram has been pulled from stores, while the parties have reached a confidential settlement.	2025-12-18 13:49:12+00	devs	2
75	Sucker Punch Productions studio head is stepping down	https://www.gamedeveloper.com/business/sucker-punch-productions-studio-head-is-stepping-down	https://eu-images.contentstack.com/v3/assets/blt740a130ae3c5d529/blt9407c7f62cfdb349/6942d5689ef3f9e47e78632c/New_Project_(11).png?width=1280&auto=webp&quality=80&disable=upscale	Co-founder Brian Fleming will depart the studio in April of next year and will be succeeded by two new studio heads.	2025-12-17 14:46:52+00	devs	2
76	Corsair ships customer $35 decorative memory sticks instead of $1,000 worth of 96 GB of DDR5 memory ÔÇö buyer accidentally receives dummy RAM in unlucky warranty claim	https://www.tomshardware.com/pc-components/ddr5/corsair-ships-customer-usd35-decorative-memory-sticks-instead-of-usd1-000-worth-of-96-gb-of-ddr5-memory-buyer-accidentally-receives-dummy-ram-in-unlucky-warranty-claim	https://cdn.mos.cms.futurecdn.net/4ooHVFYv9eGQp5U6CY7T2c-1280-80.jpg	In an extremely timely mix-up, someone on the r/pcmasterrace subreddit sent one of the sticks in their 96 GB kit of Corsair's Vengeance DDR5 for an RMA and received non-functional dummy RAM in return. Customer's real memory was worth at least $1000 while the decorative modules are just $35.	2025-12-23 11:28:27+00	hardware	3
77	US smart home company accused of rebranding footage-leaking Chinese cameras ÔÇö Nebraska AG to sue Resideo over selling banned security cameras	https://www.tomshardware.com/tech-industry/cyber-security/us-smart-home-company-accused-of-rebranding-footage-leaking-chinese-cameras-nebraska-ag-to-sue-resideo-over-selling-banned-security-cameras	https://cdn.mos.cms.futurecdn.net/iZ37YEjhD23SAXTnWdZUpG-1280-80.png	Resideo sued by Nebraska AG over rebranding footage-leaking Chinese cameras	2025-12-23 11:00:00+00	hardware	3
78	Gigabyte removes controversial leaking thermal gel from RTX 5070 Ti Windforce V2 ÔÇö company opts for traditional thermal pads with updated graphics card	https://www.tomshardware.com/pc-components/gpus/gigabyte-removes-controversial-leaking-thermal-gel-from-rtx-5070-ti-windforce-v2-company-opts-for-traditional-thermal-pads-with-updated-graphics-card	https://cdn.mos.cms.futurecdn.net/MtFYyAjFK9GyKAjy7GBfwZ-1280-80.png	The second iteration of Gigabyte's RTX 5070 Ti triple-fan Windforce graphics card comes with traditional thermal pads.	2025-12-22 19:23:49+00	hardware	3
79	1,000 computers taken offline in Romanian water management authority hack ÔÇö ransomware takes Bitlocker-encrypted systems down	https://www.tomshardware.com/tech-industry/cyber-security/1-000-computers-taken-offline-in-romanian-water-management-authority-hack-ransomware-takes-bitlocker-encrypted-systems-down	https://cdn.mos.cms.futurecdn.net/QYAmhgoatrbDUvyD8ifkLA-1280-80.png	No group has claimed the attack yet, and thankfully, water is still flowing in Romania.	2025-12-22 18:49:44+00	hardware	3
80	Chinese fabs are reportedly upgrading older ASML DUV lithography chipmaking machines ÔÇö secondary channels and independent engineers used to soup up Twinscan NXT series	https://www.tomshardware.com/tech-industry/semiconductors/china-is-squeezing-more-life-out-of-asmls-older-duv-tools-as-chip-controls-tighten	https://cdn.mos.cms.futurecdn.net/iiBPT3tVuXkSdD4xCKSR9m-1280-80.png	Chinese fabs are quietly extending the useful life and performance of older ASML deep ultraviolet lithography systems by upgrading key subsystems, as Beijing pushes to sustain advanced chip output.	2025-12-22 17:51:28+00	hardware	3
81	Windows 11 rockets SSD performance to new heights with hacked native NVMe driver ÔÇö up to 85% higher random workload performance in some tests	https://www.tomshardware.com/pc-components/ssds/windows-11-rockets-ssd-performance-to-new-heights-with-hacked-native-nvme-driver-up-to-85-percent-higher-random-workload-performance-in-some-tests	https://cdn.mos.cms.futurecdn.net/4aA5FD4egEEDEYAFFhrCrc-1280-80.jpg	Windows 11 users rave about lightning-quick SSD performance uplifts from the native NVMe driver from Windows Server 2025.	2025-12-22 17:32:01+00	hardware	3
82	This $589 Lenovo Legion Go S is the ultimate Steam Deck LCD replacement right now ÔÇö snag this 8-inch handheld gaming PC running SteamOS with a 1TB SSD and 16GB RAM	https://www.tomshardware.com/video-games/handheld-gaming/this-usd589-lenovo-legion-go-s-is-the-ultimate-steam-deck-lcd-replacement-right-now-snag-this-8-inch-handheld-gaming-pc-running-steamos-with-a-1tb-ssd-and-16gb-ram	https://cdn.mos.cms.futurecdn.net/iWo3LJY2XaHWdcPKLhqCiG-1280-80.jpg	Priced at under $590 right now, Lenovo's Legion Go S handheld with an AMD APU and running SteamOS is the best value alternative to the Steam Deck right now.	2025-12-22 16:44:37+00	hardware	3
83	Be quiet! Power Zone 2 850W power supply review: Silent, Platinum efficiency at an affordable price	https://www.tomshardware.com/pc-components/power-supplies/be-quiet-power-zone-2-850w-power-supply-review	https://cdn.mos.cms.futurecdn.net/X7mBJKEo5mxwuPvKjXnerL-1280-80.jpg	An acoustically-optimized power supply that prioritizes silence and efficiency over premium components, delivering impressive thermal performance and modern connectivity at a competitive price point.	2025-12-22 16:35:23+00	hardware	3
84	Another unreleased Nvidia RTX 3080 Ti 20GB Founders Edition engineering sample surfaces on the second-hand market ÔÇö a previous sample sold for $1,999 on eBay earlier this year	https://www.tomshardware.com/pc-components/gpus/rtx-3080-ti-20gb-engineering-samples-resurface-again-in-the-second-hand-market	https://cdn.mos.cms.futurecdn.net/MAh6XzZMsfSfk7coifyNxZ-1280-80.png	An engineering sample of an RTX 3080 Ti has surfaced in the secondhand market, according to a post on the Nvidia subreddit.	2025-12-22 15:05:14+00	hardware	3
85	Pirate archivist group scrapes Spotify's 300TB library, posts free torrents for downloading 86,000,000 tracks ÔÇö investigation underway as music and metadata hit torrent sites	https://www.tomshardware.com/service-providers/streaming/pirate-archivist-group-scrapes-spotifys-300tb-library-posts-free-torrents-for-downloading-investigation-underway-as-music-and-metadata-hit-torrent-sites	https://cdn.mos.cms.futurecdn.net/3PPFLahivGvcKNpXvz6bfY-1280-80.png	In the name of music preservation, pirate group Anna's Archive has scraped 300 TB of data from Spotify's library, representing around 37% of all songs but 99.9% of all listens. It's essentially everything on Spotify packaged into torrents to be distributed illegally, analogous to how the group has made books available for free.	2025-12-22 15:03:46+00	hardware	3
86	Call of Duty Co-Creator, Respawn Co-Founder, and EA Executive Vince Zampella Killed in Car Accident	https://www.ign.com/articles/call-of-duty-co-creator-respawn-co-founder-and-ea-executive-vince-zampella-killed-in-car-accident	https://assets-prd.ignimgs.com/2025/12/22/vince-tga-1766434667895.jpg	Vince Zampella, best known as the co-creator of the Call of Duty franchise and co-founder of Infinity Ward who went on to co-found Titanfall, Apex Legends, and Star Wars Jedi developer Respawn Entertainment, died in a single-car accident in Los Angeles on Sunday.	2025-12-22 20:07:37+00	devs	5
87	How Ex-Just Cause DevÔÇÖs Samson Aims to Be Like ÔÇİMad MaxÔÇĞPayneÔÇÖ	https://www.ign.com/articles/how-ex-just-cause-devs-samson-aims-to-be-like-mad-maxpayne	https://assets-prd.ignimgs.com/2025/12/22/liquidswords-samson-handtohandcombat-01-1766431609313.png	Samson, a new free-roaming action-adventure crime drama from a team of ex-Just Cause developers, is aiming to deliver a AAA experience at a AA scope and price.	2025-12-22 19:30:44+00	devs	5
88	Switch 2 Mario Kart World Bundle Production Ends, Nintendo Says It's Now 'Available in Limited QuantitiesÔÇĞ While Supplies Last'	https://www.ign.com/articles/switch-2-mario-kart-world-bundle-production-ends-nintendo-says-its-now-available-in-limited-quantities-while-supplies-last	https://assets-prd.ignimgs.com/2025/10/28/switch-2-deal-ign-uk-black-friday-2-1761663643411.png	Nintendo has signaled the end of production of the eye-catching Switch 2 Mario Kart World bundle, six months after the console launched.	2025-12-22 18:28:18+00	hardware	5
89	Deals for Today: Free Xbox Game Pass with Fire TV and Pok├®mon TCG Price Check	https://www.ign.com/articles/deals-for-today-december-22	https://assets-prd.ignimgs.com/2025/12/22/feature-image-2025-12-22t144852-382-1766414936240.jpg	Deals for Today include Pok├®mon TCG price checks, AirPods Pro 3 for $199, Fire TV discounts with free Xbox Game Pass, and big savings on Sony INZONE gaming gear.	2025-12-22 17:50:53+00	general	5
90	CarX StreetÔÇÖs Showdown Update Adds New Cops vs. Racers Mode	https://www.ign.com/articles/carx-streets-showdown-update-adds-new-cops-vs-racers-mode	https://assets-prd.ignimgs.com/2025/12/19/3-1766173976787.png		2025-12-22 17:00:00+00	general	5
91	The Biggest Disappointments of 2025	https://www.ign.com/articles/the-biggest-disappointments-of-2025	https://assets-prd.ignimgs.com/2025/12/17/biggest-disappointments-2025-blogroll-1765978530146.jpg	A look back at the biggest disappointments of 2024, from big game cancellations to industry upsets and box office blunders.	2025-12-22 17:00:00+00	general	5
92	Battlefield 6 Fans Accuse EA of Selling AI-Generated Image After Spotting What Looks Like an M4A1 With Two Barrels	https://www.ign.com/articles/battlefield-6-fans-accuse-ea-of-selling-ai-generated-image-after-spotting-what-looks-like-an-m4a1-with-two-barrels	https://assets-prd.ignimgs.com/2025/12/22/bf6-1766419292751.jpg	Battlefield 6 fans have accused EA of selling an AI-generated image after spotting a sticker of what looks like an M4A1 with two barrels in the in-game store.	2025-12-22 16:01:38+00	general	5
93	Displate Denies Warhammer 40,000 AI Art Accusations, Says 'Red Flags' in Official Fulgrim Poster Are the Result of 'Human Error'	https://www.ign.com/articles/displate-denies-warhammer-40000-ai-art-accusations-says-red-flags-in-official-fulgrim-poster-are-the-result-of-human-error	https://assets-prd.ignimgs.com/2025/12/22/fulgrim-main-1766412313882.png	Displate has denied that one of its pieces of official Warhammer 40,000 artwork was the product of generative AI, insisting ÔÇ£red flagsÔÇØ spotted by fans were the result of human error.	2025-12-22 14:05:35+00	general	5
94	Indie Game Awards Strips Clair Obscur: Expedition 33 of Game of the Year Over Gen AI, Dev Says 'Placeholder' Textures Were Patched Out After Slipping Through QA Process	https://www.ign.com/articles/indie-game-awards-strips-clair-obscur-expedition-33-of-game-of-the-year-over-gen-ai-dev-says-placeholder-textures-were-patched-out-after-slipping-through-qa-process	https://assets-prd.ignimgs.com/2025/12/12/co-1765513081416.jpg	Fresh from receiving the Game of the Year award at The Game Awards 2025, Clair Obscur: Expedition 33 has been stripped of two awards from the Indie Game Awards after its use of generative AI hit the headlines.	2025-12-22 11:17:09+00	general	5
95	The Best Deals Today: Assassin's Creed Shadows, Battlefield 6, God of War Ragnarok, and More	https://www.ign.com/articles/best-deals-for-december-21-2025	https://assets-prd.ignimgs.com/2024/05/15/ac-red-blog-1715782894354.jpg		2025-12-21 20:16:28+00	general	5
96	NCsoft makes majority investment in Singapore mobile publisher Indygo	https://www.gamesindustry.biz/ncsoft-makes-majority-investment-in-singapore-mobile-publisher-indygo	https://assetsio.gnwcdn.com/ncsoft-logo.png?width=690&quality=85&format=jpg&auto=webp	 Korean games giant NCsoft has made a majority investment in Singapore mobile publisher Indygo Group. Read more	2025-12-23 10:40:29+00	invest	1
97	EA shareholders back $55bn acquisition	https://www.gamesindustry.biz/ea-shareholders-back-55bn-acquisition	https://assetsio.gnwcdn.com/ea-sports-fc_BiC7eqf.jpg?width=690&quality=85&format=jpg&auto=webp	 Investors in US publishing giant Electronic Arts have backed the company's acquisition by a consortium that includes the Saudi Arabia Public Investment Fund. Read more	2025-12-23 10:34:50+00	invest	1
98	IP, parental controls and shared experiences: inside Netflix's strategy for kids games on its platform	https://www.gamesindustry.biz/ip-parental-controls-and-shared-experiences-inside-netflixs-strategy-for-kids-games-on-its-platform	https://assetsio.gnwcdn.com/Netflix-games.png?width=690&quality=85&format=jpg&auto=webp	 Netflix has long seen the strategic potential of gaming, but it's struggled on execution. After intially fruitless dabbling in triple-A, the focus under gaming leader Alain Tascan has been on broader appeal. This week has seen the announcement of an exclusive FIFA partnership and the acquisition of avatar creation platform Ready Player Me; both follow a year of steady development of its offering for kids, with age-appropriate mobile games now suggested in the platform's kid-friendly view. Durin...	2025-12-23 10:34:03+00	invest	1
99	How kids fit into Netflix's gaming strategy	https://www.gamesindustry.biz/how-kids-fit-into-netflixs-gaming-strategy	https://assetsio.gnwcdn.com/netflix-leads.png?width=690&quality=85&format=jpg&auto=webp	 NetflixÔÇÖs proposed acquisition of Warner Bros. has pulled attention toward studios, IP ownership, and the future of the entertainment industry at large. ItÔÇÖs a big deal, and we know itÔÇÖs not driven by appetite for the Warner Bros. gaming arm which is considered ÔÇ£relatively minorÔÇØ in the grand scheme of things. What has received far less attention is how NetflixÔÇÖs own games strategy is evolving, and what the data now tells us about what is actually working inside the platform. Read more	2025-12-23 10:00:00+00	invest	1
100	GamesIndustry.biz presents... the Year In Numbers 2025 | Year in Review	https://www.gamesindustry.biz/gamesindustrybiz-presents-the-year-in-numbers-2025-year-in-review	https://assetsio.gnwcdn.com/year-in-numbers-2025-header_rbhzSLM.png?width=690&quality=85&format=jpg&auto=webp	 As the industry winds down for Christmas and the out-of-office autoreplies light up, it's time to turn to the comforting traditions that warm those winter nights. Read more	2025-12-23 09:00:00+00	invest	1
101	Vince Zampella, studio head behind Call of Duty and Titanfall, killed in car crash	https://www.gamesindustry.biz/vince-zampella-studio-head-behind-call-of-duty-and-titanfall-killed-in-car-crash	https://assetsio.gnwcdn.com/zampella.png?width=690&quality=85&format=jpg&auto=webp	 Vince Zampella, who co-created the Call of Duty series and lead some of the most influential game development studios of the modern console era, has died in a car crash in California, according to a report by NBC Los Angeles. Read more	2025-12-22 20:49:44+00	hardware	1
102	GTA 6 delayed again, AI impacts hardware, and Half-Life 3: Analyst predictions for 2026 | Year in Review	https://www.gamesindustry.biz/gta-6-delayed-again-ai-impacts-hardware-and-half-life-3-analyst-predictions-for-2026-year-in-review	https://assetsio.gnwcdn.com/AdobeStock_164232565.jpeg?width=690&quality=85&format=jpg&auto=webp	 Every year, we turn to a panel of trusted analysts to ask them what they expect to see in the industry in the year ahead, and ask them to assess their predictions from the previous year. Read more	2025-12-22 19:58:36+00	invest	1
103	The biggest games industry news stories of 2025 | Year in Review	https://www.gamesindustry.biz/the-biggest-games-industry-news-stories-of-2025-year-in-review	https://assetsio.gnwcdn.com/mjh-shikder-ymB8bvu8SnY-unsplash.jpg?width=690&quality=85&format=jpg&auto=webp	 Join us as we journey back through 2025 via the biggest games industry news stories of the year, including massive takeover deals, the closure of historic studios, big hardware launches, big hardware reveals, and a lot of bother about tariffs. Read more	2025-12-22 18:33:46+00	invest	1
104	National Film and Television School expands games offering with new animation and indie development courses	https://www.gamesindustry.biz/national-film-and-television-school-expands-games-offering-with-new-animation-and-indie-development-courses	https://assetsio.gnwcdn.com/nfts_fbsapjy.png?width=690&quality=85&format=jpg&auto=webp	 The National Film and Television School (NFTS) is expanding its video games offering to include two new courses, an MA in Animation for Film and Games and a certificate in Indie Games Development. Read more	2025-12-22 12:53:47+00	invest	1
105	FIFA puts its name on Roblox title Super League Soccer	https://www.gamesindustry.biz/fifa-puts-its-name-on-roblox-title-super-league-soccer	https://assetsio.gnwcdn.com/fifa-super-soccer.jpeg?width=690&quality=85&format=jpg&auto=webp	 FIFA has put its name on established Roblox title Super League Soccer. Read more	2025-12-22 11:34:04+00	invest	1
\.


--
-- Data for Name: core_newssource; Type: TABLE DATA; Schema: public; Owner: postgres
--

COPY public.core_newssource (id, name, rss_url, category, icon) FROM stdin;
2	Game Developer	https://www.gamedeveloper.com/rss.xml	devs	https://www.gamedeveloper.com/favicon.ico
3	Tom's Hardware	https://www.tomshardware.com/feeds/all	hardware	https://www.tomshardware.com/favicon.ico
5	IGN	https://www.ign.com/rss/articles/feed?tags=games	general	https://www.google.com/s2/favicons?domain=ign.com&sz=256
1	GamesIndustry.biz	https://www.gamesindustry.biz/feed	invest	https://www.google.com/s2/favicons?domain=gamesindustry.biz&sz=256
\.


--
-- Data for Name: core_pitch; Type: TABLE DATA; Schema: public; Owner: postgres
--

COPY public.core_pitch (id, title, description, genre, platform, funding_goal, stage, image, pitch_deck_url, created_at, updated_at, user_id) FROM stdin;
1	Endless Tower	Contrary to popular belief, Lorem Ipsum is not simply random text. It has roots in a piece of classical Latin literature from 45 BC, making it over 2000 years old. Richard McClintock, a Latin professor at Hampden-Sydney College in Virginia, looked up one of the more obscure Latin words, consectetur, from a Lorem Ipsum passage, and going through the cites of the word in classical literature, discovered the undoubtable source. Lorem Ipsum comes from sections 1.10.32 and 1.10.33 of "de Finibus Bonorum et Malorum" (The Extremes of Good and Evil) by Cicero, written in 45 BC. This book is a treatise on the theory of ethics, very popular during the Renaissance. The first line of Lorem Ipsum, "Lorem ipsum dolor sit amet..", comes from a line in section 1.10.32.\r\n\r\nThe standard chunk of Lorem Ipsum used since the 1500s is reproduced below for those interested. Sections 1.10.32 and 1.10.33 from "de Finibus Bonorum et Malorum" by Cicero are also reproduced in their exact original form, accompanied by English versions from the 1914 translation by H. Rackham.	rpg	pc	40k - 60k	alpha		https://www.lipsum.com	2026-02-04 08:26:23.130097+00	2026-02-04 08:26:23.13014+00	2
2	Endless Tower	Contrary to popular belief, Lorem Ipsum is not simply random text. It has roots in a piece of classical Latin literature from 45 BC, making it over 2000 years old. Richard McClintock, a Latin professor at Hampden-Sydney College in Virginia, looked up one of the more obscure Latin words, consectetur, from a Lorem Ipsum passage, and going through the cites of the word in classical literature, discovered the undoubtable source. Lorem Ipsum comes from sections 1.10.32 and 1.10.33 of "de Finibus Bonorum et Malorum" (The Extremes of Good and Evil) by Cicero, written in 45 BC. This book is a treatise on the theory of ethics, very popular during the Renaissance. The first line of Lorem Ipsum, "Lorem ipsum dolor sit amet..", comes from a line in section 1.10.32.\r\n\r\nThe standard chunk of Lorem Ipsum used since the 1500s is reproduced below for those interested. Sections 1.10.32 and 1.10.33 from "de Finibus Bonorum et Malorum" by Cicero are also reproduced in their exact original form, accompanied by English versions from the 1914 translation by H. Rackham.	platformer	mobile	50k - 100k	production	pitches/Untitled.png	https://www.lipsum.com	2026-02-04 08:40:05.727958+00	2026-02-04 08:40:05.727992+00	2
\.


--
-- Data for Name: core_post; Type: TABLE DATA; Schema: public; Owner: postgres
--

COPY public.core_post (id, content, image, "timestamp", user_id, gif_url, media_file, media_type, poll_options, parent_id, review_parent_id, news_parent_id, project_parent_id, title) FROM stdin;
12	­şİä		2025-12-16 09:10:06.691417+00	2	\N		\N	[]	\N	\N	\N	\N	\N
13			2025-12-16 09:10:14.121163+00	2	\N		\N	["a", "b"]	\N	\N	\N	\N	\N
14	a		2025-12-16 09:18:18.660946+00	2	\N		\N	[]	\N	\N	\N	\N	\N
15			2025-12-16 09:48:25.24536+00	2	https://media0.giphy.com/media/v1.Y2lkPTJhZWM0N2QxNjZlbWI1MTc3dm9sNzNzazhpZHJreWd2cHgzbWJraGk2MGZ2ZTlsbSZlcD12MV9naWZzX3RyZW5kaW5nJmN0PWc/ohBeIPJ4MEuas/giphy.gif		\N	["m", "n"]	\N	\N	\N	\N	\N
16	bn		2025-12-17 10:57:51.343014+00	2	\N		\N	[]	\N	\N	\N	\N	\N
24	pose1		2025-12-19 12:26:50.418452+00	3	\N		\N	[]	\N	\N	\N	\N	\N
25	pose2		2025-12-19 12:27:18.431374+00	2	\N		\N	[]	\N	\N	\N	\N	\N
47	a1		2025-12-19 12:58:32.914891+00	2	\N		\N	[]	\N	7	\N	\N	\N
48	a2		2025-12-19 12:58:56.35221+00	2	\N		\N	[]	\N	6	\N	\N	\N
49	a3		2025-12-19 13:00:55.894943+00	2	\N		\N	[]	\N	7	\N	\N	\N
50	a4		2025-12-19 13:01:11.134115+00	2	\N		\N	[]	\N	6	\N	\N	\N
51	b1		2025-12-19 13:01:58.532901+00	2	\N		\N	[]	25	\N	\N	\N	\N
52	b2		2025-12-19 13:02:10.160584+00	2	\N		\N	[]	25	\N	\N	\N	\N
53	b3		2025-12-19 13:02:23.081997+00	2	\N		\N	[]	25	\N	\N	\N	\N
54	c1		2025-12-19 13:02:38.389682+00	2	\N		\N	[]	24	\N	\N	\N	\N
55	c2		2025-12-19 13:02:42.718674+00	2	\N		\N	[]	24	\N	\N	\N	\N
56	q1		2025-12-19 13:06:32.579746+00	2	\N		\N	[]	\N	7	\N	\N	\N
57	q2		2025-12-19 13:06:42.358188+00	2	\N		\N	[]	\N	7	\N	\N	\N
58	q3		2025-12-19 13:06:53.969741+00	2	\N		\N	[]	\N	6	\N	\N	\N
59	q4		2025-12-19 13:06:59.598973+00	2	\N		\N	[]	\N	6	\N	\N	\N
60	g1		2025-12-19 13:07:13.306158+00	2	\N		\N	[]	25	\N	\N	\N	\N
61	a		2025-12-20 08:52:03.380465+00	2	\N		\N	[]	60	\N	\N	\N	\N
62	a		2025-12-20 09:24:08.025709+00	2	\N		\N	[]	57	\N	\N	\N	\N
63	z		2025-12-20 10:01:13.435355+00	2	\N		\N	[]	57	\N	\N	\N	\N
64	a2		2025-12-20 10:01:52.110633+00	2	\N		\N	[]	63	\N	\N	\N	\N
65	jh		2025-12-20 10:06:56.344698+00	2	\N		\N	[]	64	\N	\N	\N	\N
66	k		2025-12-20 10:07:08.854449+00	2	\N		\N	[]	\N	7	\N	\N	\N
67	a		2025-12-20 10:22:11.132155+00	2	\N		\N	[]	\N	9	\N	\N	\N
68	b		2025-12-20 10:22:18.889319+00	2	\N		\N	[]	\N	9	\N	\N	\N
69	z		2025-12-20 10:22:29.769624+00	2	\N		\N	[]	68	\N	\N	\N	\N
70	ahaha		2025-12-20 10:22:42.706938+00	2	\N		\N	[]	\N	\N	\N	\N	\N
71			2025-12-20 10:22:57.45824+00	2	https://media4.giphy.com/media/v1.Y2lkPTJhZWM0N2QxazdvZ2psaXBwbTMyYTk2OXFjdTNxaHlpamNuaHF3c3dmdW11YjM1ZiZlcD12MV9naWZzX3RyZW5kaW5nJmN0PWc/IAaUnu2FV1MK9eEbaI/giphy.gif		\N	["a", "b"]	70	\N	\N	\N	\N
72	halo		2025-12-22 11:48:14.607671+00	2	\N		\N	[]	\N	10	\N	\N	\N
73	le		2025-12-22 11:48:25.75893+00	2	\N		\N	[]	72	\N	\N	\N	\N
74	k		2025-12-22 11:48:33.375623+00	2	\N		\N	[]	\N	\N	\N	\N	\N
75	z		2025-12-22 11:48:36.907596+00	2	\N		\N	[]	74	\N	\N	\N	\N
76	b		2025-12-22 11:48:41.21604+00	2	\N		\N	[]	75	\N	\N	\N	\N
79	haber		2026-01-05 07:28:53.959118+00	2	\N		\N	[]	\N	\N	\N	\N	\N
80	hey		2026-01-05 07:32:03.621095+00	2	\N		\N	[]	79	\N	\N	\N	\N
81	haber yorum		2026-01-05 07:32:39.367239+00	2	\N		\N	[]	\N	\N	\N	\N	\N
82	haber 2		2026-01-05 07:40:38.527219+00	2	\N		\N	[]	\N	\N	66	\N	\N
83	haber 2 yan─▒t		2026-01-05 07:42:26.028756+00	2	\N		\N	[]	82	\N	\N	\N	\N
84	haber 2 yan─▒t─▒na yan─▒t gerizekal─▒ seni		2026-01-11 10:02:10.465404+00	2	\N		\N	[]	83	\N	\N	\N	\N
85	├çok iyi bir proje		2026-02-01 12:21:53.889979+00	2	\N	posts/media/├ğ├Âl_platform_k─▒r─▒lgan_png_1.png	image	[]	\N	\N	\N	1	Test 1
86	im		2026-02-03 08:16:53.153542+00	2	\N		\N	[]	85	\N	\N	\N	\N
87			2026-02-03 10:33:43.52764+00	2	\N	posts/media/124300.jpg	image	[]	\N	\N	\N	\N	\N
88			2026-02-04 07:03:36.59215+00	2	\N	posts/media/Gemini_Generated_Image_4sumty4sumty4sum.png	image	[]	\N	\N	\N	\N	\N
\.


--
-- Data for Name: core_postmedia; Type: TABLE DATA; Schema: public; Owner: postgres
--

COPY public.core_postmedia (id, file, media_type, "order", created_at, post_id) FROM stdin;
\.


--
-- Data for Name: core_project; Type: TABLE DATA; Schema: public; Owner: postgres
--

COPY public.core_project (id, title, description, cover_image, tech_stack, status, created_at, updated_at, owner_id) FROM stdin;
1	test	test	projects/├ğ├Âl_platform_k─▒r─▒lgan_png_1.png	["Unity"]	in_dev	2026-02-01 12:21:32.277863+00	2026-02-01 12:21:32.277898+00	2
\.


--
-- Data for Name: core_review; Type: TABLE DATA; Schema: public; Owner: postgres
--

COPY public.core_review (id, rating, content, is_liked, is_completed, contains_spoilers, "timestamp", game_id, user_id) FROM stdin;
1	5.0	asd	t	t	t	2025-12-17 10:43:46.313693+00	2	2
2	5.0	waes	t	t	t	2025-12-17 10:47:02.133513+00	1	2
3	6.3	sd	t	t	t	2025-12-17 10:58:09.361308+00	98	2
4	8.1		f	f	f	2025-12-17 12:02:15.223426+00	6	2
5	2.1	jj	t	t	t	2025-12-17 12:09:58.534923+00	399	2
6	5.0		f	f	f	2025-12-19 12:27:00.379467+00	4	3
7	5.0		f	f	f	2025-12-19 12:27:25.905459+00	8	2
9	9.6	rererererererererererererererererere	t	t	t	2025-12-20 10:21:55.344488+00	35	2
10	2.3	hehe	t	t	t	2025-12-22 11:29:18.06887+00	293	2
\.


--
-- Data for Name: core_socialpost; Type: TABLE DATA; Schema: public; Owner: postgres
--

COPY public.core_socialpost (id, content, image, media_file, media_type, gif_url, poll_options, created_at, parent_id, review_parent_id, user_id) FROM stdin;
1	k			\N	\N	[]	2025-12-22 11:35:41.03828+00	\N	\N	2
2	b			\N	\N	[]	2025-12-22 11:35:50.621216+00	\N	10	2
3	z			\N	\N	[]	2025-12-22 11:35:59.799549+00	2	\N	2
\.


--
-- Data for Name: django_admin_log; Type: TABLE DATA; Schema: public; Owner: postgres
--

COPY public.django_admin_log (id, action_time, object_id, object_repr, action_flag, change_message, content_type_id, user_id) FROM stdin;
1	2025-12-15 08:51:13.385842+00	4	Post by travispickle at 2025-12-10 11:53:06.223804+00:00	3		9	1
2	2025-12-15 08:51:18.511145+00	3	Post by travispickle at 2025-12-10 11:46:43.915185+00:00	3		9	1
3	2025-12-15 08:51:22.392089+00	2	Post by travispickle at 2025-12-10 11:15:00.542941+00:00	3		9	1
4	2025-12-15 08:51:29.445878+00	1	Post by travispickle at 2025-12-04 10:53:57.320535+00:00	3		9	1
5	2025-12-16 09:05:09.318675+00	11	Post by travispickle at 2025-12-16 09:04:22.506797+00:00	3		9	1
6	2025-12-16 09:05:14.247172+00	10	Post by travispickle at 2025-12-15 10:27:41.864976+00:00	3		9	1
7	2025-12-16 09:05:18.096967+00	9	Post by travispickle at 2025-12-15 10:27:02.814266+00:00	3		9	1
8	2025-12-16 09:05:22.807266+00	8	Post by travispickle at 2025-12-15 10:26:47.124918+00:00	3		9	1
9	2025-12-16 09:05:27.23676+00	7	Post by travispickle at 2025-12-15 09:02:21.428333+00:00	3		9	1
10	2025-12-16 09:05:31.517369+00	6	Post by travispickle at 2025-12-15 08:54:47.001927+00:00	3		9	1
11	2025-12-16 09:05:35.826024+00	5	Post by travispickle at 2025-12-15 08:51:41.811095+00:00	3		9	1
12	2025-12-19 12:26:03.384419+00	23	Post by travispickle at 2025-12-19 12:25:06.331341+00:00	3		9	1
13	2025-12-19 12:26:09.962309+00	22	Post by travispickle at 2025-12-19 12:24:37.940643+00:00	3		9	1
14	2025-12-19 12:26:16.80186+00	21	Post by travispickle at 2025-12-19 12:24:28.011492+00:00	3		9	1
15	2025-12-19 12:26:20.970649+00	20	Post by travispickle at 2025-12-19 12:22:29.018437+00:00	3		9	1
16	2025-12-19 12:26:25.950578+00	19	Post by travispickle at 2025-12-19 12:22:16.968803+00:00	3		9	1
17	2025-12-19 12:26:30.569365+00	18	Post by travispickle at 2025-12-19 12:22:06.239438+00:00	3		9	1
18	2025-12-19 12:26:35.159778+00	17	Post by nemeton at 2025-12-17 12:19:40.017361+00:00	3		9	1
19	2025-12-19 12:30:12.048071+00	27	Post by travispickle at 2025-12-19 12:28:54.359878+00:00	3		9	1
20	2025-12-19 12:30:16.677689+00	26	Post by travispickle at 2025-12-19 12:28:01.503074+00:00	3		9	1
21	2025-12-19 12:52:28.101352+00	46	Post by travispickle at 2025-12-19 12:51:40.338260+00:00	3		9	1
22	2025-12-19 12:52:37.249029+00	45	Post by travispickle at 2025-12-19 12:50:26.742388+00:00	3		9	1
23	2025-12-19 12:53:26.078227+00	44	Post by travispickle at 2025-12-19 12:49:54.743777+00:00	3		9	1
24	2025-12-19 12:53:30.12687+00	43	Post by travispickle at 2025-12-19 12:48:58.348689+00:00	3		9	1
25	2025-12-19 12:53:33.817548+00	42	Post by travispickle at 2025-12-19 12:48:41.528542+00:00	3		9	1
26	2025-12-19 12:53:38.275469+00	41	Post by travispickle at 2025-12-19 12:48:08.559740+00:00	3		9	1
27	2025-12-19 12:53:41.516754+00	40	Post by travispickle at 2025-12-19 12:47:27.365019+00:00	3		9	1
28	2025-12-19 12:53:45.966312+00	39	Post by travispickle at 2025-12-19 12:41:18.168832+00:00	3		9	1
29	2025-12-19 12:53:49.426393+00	38	Post by travispickle at 2025-12-19 12:39:56.313321+00:00	3		9	1
30	2025-12-19 12:53:54.417129+00	37	Post by travispickle at 2025-12-19 12:38:41.354027+00:00	3		9	1
31	2025-12-19 12:53:58.356242+00	36	Post by travispickle at 2025-12-19 12:35:58.704071+00:00	3		9	1
32	2025-12-19 12:54:04.707252+00	35	Post by travispickle at 2025-12-19 12:35:48.173460+00:00	3		9	1
33	2025-12-19 12:54:09.785249+00	34	Post by travispickle at 2025-12-19 12:35:17.596070+00:00	3		9	1
34	2025-12-19 12:54:14.365289+00	33	Post by travispickle at 2025-12-19 12:34:19.488332+00:00	3		9	1
35	2025-12-19 12:54:18.924341+00	32	Post by travispickle at 2025-12-19 12:33:55.359032+00:00	3		9	1
36	2025-12-19 12:54:23.31464+00	31	Post by travispickle at 2025-12-19 12:32:33.522588+00:00	3		9	1
37	2025-12-19 12:54:27.695543+00	30	Post by travispickle at 2025-12-19 12:31:18.062995+00:00	3		9	1
38	2025-12-19 12:54:33.095633+00	29	Post by travispickle at 2025-12-19 12:30:58.754837+00:00	3		9	1
39	2025-12-19 12:54:36.713675+00	28	Post by travispickle at 2025-12-19 12:30:40.154763+00:00	3		9	1
40	2025-12-23 10:37:08.014487+00	4	IGN	3		23	1
41	2025-12-23 10:44:55.069276+00	5	IGN	2	[{"changed": {"fields": ["Icon"]}}]	23	1
42	2025-12-23 10:45:50.147246+00	5	IGN	2	[{"changed": {"fields": ["Icon"]}}]	23	1
43	2025-12-23 10:52:11.325382+00	5	IGN	2	[{"changed": {"fields": ["Icon"]}}]	23	1
44	2025-12-23 10:53:30.703954+00	5	IGN	2	[{"changed": {"fields": ["Icon"]}}]	23	1
45	2025-12-23 11:16:04.25558+00	5	IGN	2	[{"changed": {"fields": ["Icon"]}}]	23	1
46	2025-12-23 11:16:28.176991+00	5	IGN	2	[{"changed": {"fields": ["Icon"]}}]	23	1
47	2025-12-23 11:16:51.073198+00	5	IGN	2	[{"changed": {"fields": ["Icon"]}}]	23	1
48	2025-12-23 11:21:20.721348+00	5	IGN	2	[{"changed": {"fields": ["Icon"]}}]	23	1
49	2025-12-23 11:44:50.916349+00	1	GamesIndustry.biz	2	[{"changed": {"fields": ["Rss url"]}}]	23	1
50	2025-12-23 11:46:02.068104+00	6	GamesIndustry.biz	3		23	1
51	2025-12-23 11:47:30.716341+00	1	GamesIndustry.biz	2	[{"changed": {"fields": ["Icon"]}}]	23	1
52	2025-12-23 12:18:39.415985+00	65	Chris Kerr's top 5 games of the year - 2025 Wrap-Up	3		22	1
53	2025-12-23 12:18:39.416023+00	53	Corsair ships customer $35 decorative memory sticks instead of $1,000 worth of 96 GB of DDR5 memory ÔÇö buyer accidentally receives dummy RAM in unlucky warranty claim	3		22	1
54	2025-12-23 12:18:39.416037+00	54	US smart home company accused of rebranding footage-leaking Chinese cameras ÔÇö Nebraska AG to sue Resideo over selling banned security cameras	3		22	1
55	2025-12-23 12:18:39.416048+00	55	NCsoft makes majority investment in Singapore mobile publisher Indygo	3		22	1
56	2025-12-23 12:18:39.416059+00	56	EA shareholders back $55bn acquisition	3		22	1
57	2025-12-23 12:18:39.416071+00	57	IP, parental controls and shared experiences: inside Netflix's strategy for kids games on its platform	3		22	1
58	2025-12-23 12:18:39.416082+00	58	How kids fit into Netflix's gaming strategy	3		22	1
59	2025-12-23 12:18:39.416095+00	59	GamesIndustry.biz presents... the Year In Numbers 2025 | Year in Review	3		22	1
60	2025-12-23 12:18:39.416107+00	60	Vince Zampella, studio head behind Call of Duty and Titanfall, killed in car crash	3		22	1
61	2025-12-23 12:18:39.416118+00	31	Obituary: Famed developer Vince Zampella has passed away at age 55	3		22	1
62	2025-12-23 12:18:39.416128+00	43	Call of Duty Co-Creator, Respawn Co-Founder, and EA Executive Vince Zampella Killed in Car Accident	3		22	1
63	2025-12-23 12:18:39.416138+00	61	GTA 6 delayed again, AI impacts hardware, and Half-Life 3: Analyst predictions for 2026 | Year in Review	3		22	1
64	2025-12-23 12:18:39.416149+00	44	How Ex-Just Cause DevÔÇÖs Samson Aims to Be Like ÔÇİMad MaxÔÇĞPayneÔÇÖ	3		22	1
65	2025-12-23 12:18:39.416159+00	33	Gigabyte removes controversial leaking thermal gel from RTX 5070 Ti Windforce V2 ÔÇö company opts for traditional thermal pads with updated graphics card	3		22	1
66	2025-12-23 12:18:39.416169+00	34	1,000 computers taken offline in Romanian water management authority hack ÔÇö ransomware takes Bitlocker-encrypted systems down	3		22	1
67	2025-12-23 12:18:39.416178+00	62	The biggest games industry news stories of 2025 | Year in Review	3		22	1
68	2025-12-23 12:18:39.416189+00	45	Switch 2 Mario Kart World Bundle Production Ends, Nintendo Says It's Now 'Available in Limited QuantitiesÔÇĞ While Supplies Last'	3		22	1
69	2025-12-23 12:18:39.416199+00	35	Chinese fabs are reportedly upgrading older ASML DUV lithography chipmaking machines ÔÇö secondary channels and independent engineers used to soup up Twinscan NXT series	3		22	1
70	2025-12-23 12:18:39.416209+00	46	Deals for Today: Free Xbox Game Pass with Fire TV and Pok├®mon TCG Price Check	3		22	1
71	2025-12-23 12:18:39.416219+00	36	Windows 11 rockets SSD performance to new heights with hacked native NVMe driver ÔÇö up to 85% higher random workload performance in some tests	3		22	1
72	2025-12-23 12:18:39.416229+00	48	The Biggest Disappointments of 2025	3		22	1
73	2025-12-23 12:18:39.416239+00	47	CarX StreetÔÇÖs Showdown Update Adds New Cops vs. Racers Mode	3		22	1
74	2025-12-23 12:18:39.416249+00	37	This $589 Lenovo Legion Go S is the ultimate Steam Deck LCD replacement right now ÔÇö snag this 8-inch handheld gaming PC running SteamOS with a 1TB SSD and 16GB RAM	3		22	1
75	2025-12-23 12:18:39.416258+00	38	Be quiet! Power Zone 2 850W power supply review: Silent, Platinum efficiency at an affordable price	3		22	1
76	2025-12-23 12:18:39.416268+00	32	Report: Naughty Dog employees hit with mandatory overtime on Intergalactic	3		22	1
77	2025-12-23 12:18:39.416278+00	49	Battlefield 6 Fans Accuse EA of Selling AI-Generated Image After Spotting What Looks Like an M4A1 With Two Barrels	3		22	1
78	2025-12-23 12:18:39.416288+00	39	Another unreleased Nvidia RTX 3080 Ti 20GB Founders Edition engineering sample surfaces on the second-hand market ÔÇö a previous sample sold for $1,999 on eBay earlier this year	3		22	1
79	2025-12-23 12:18:39.416298+00	40	Pirate archivist group scrapes Spotify's 300TB library, posts free torrents for downloading 86,000,000 tracks ÔÇö investigation underway as music and metadata hit torrent sites	3		22	1
80	2025-12-23 12:18:39.416308+00	50	Displate Denies Warhammer 40,000 AI Art Accusations, Says 'Red Flags' in Official Fulgrim Poster Are the Result of 'Human Error'	3		22	1
81	2025-12-23 12:18:39.416318+00	41	Unlucky Amazon shopper orders DDR5 memory but gets DDR4 hidden under the heatspreader ÔÇö RAM sold as new was a switcharoo	3		22	1
82	2025-12-23 12:18:39.416327+00	63	National Film and Television School expands games offering with new animation and indie development courses	3		22	1
83	2025-12-23 12:18:39.416337+00	42	Snap up this ┬ú899 Acer Nitro gaming laptop with Nvidia RTX 5060 GPU before Christmas ÔÇö this 1080p powerhouse boasts a 10-core Intel CPU, 16GB RAM, and 1TB SSD	3		22	1
84	2025-12-23 12:18:39.416346+00	11	Maker builds tiny $10 secondary 1.14-inch display using an ESP32 ÔÇö you could play Crysis on it, if you squint	3		22	1
85	2025-12-23 12:18:39.416356+00	64	FIFA puts its name on Roblox title Super League Soccer	3		22	1
86	2025-12-23 12:18:39.416366+00	51	Indie Game Awards Strips Clair Obscur: Expedition 33 of Game of the Year Over Gen AI, Dev Says 'Placeholder' Textures Were Patched Out After Slipping Through QA Process	3		22	1
87	2025-12-23 12:18:39.416375+00	52	The Best Deals Today: Assassin's Creed Shadows, Battlefield 6, God of War Ragnarok, and More	3		22	1
88	2025-12-23 12:18:39.416385+00	12	NIST warns several of its Internet Time Service servers may be inaccurate due to a power outage ÔÇö Boulder servers 'no longer have an accurate time reference'	3		22	1
89	2025-12-23 12:18:39.416395+00	13	Surprising biomedical application found for ASMLÔÇÖs chipmaking EUV lithography machines ÔÇö they can mass produce nanopores for molecular sensing	3		22	1
90	2025-12-23 12:18:39.416405+00	14	Get a pre-built PC with 32GB of RAM for under $1,000 ÔÇö this mid-range gaming desktop delivers decent performance for an affordable price during these trying times	3		22	1
91	2025-12-23 12:18:39.416414+00	15	Turns out, AI can actually build competent Minesweeper clones ÔÇö Four AI coding agents put to the test reveal OpenAI's Codex as the best, while Google's Gemini CLI as the worst	3		22	1
92	2025-12-23 12:18:39.416424+00	16	IDC expects average PC prices to jump by up to 8% in 2026 due to crushing memory shortages ÔÇö some vendors already selling pre-builts without RAM	3		22	1
93	2025-12-23 12:18:39.416434+00	17	ÔÇİLeBron James of Excel spreadsheetsÔÇÖ celebrates 2025 Microsoft Excel World Championships win ÔÇö beat 256 other spreadsheet whizzes to claim the $60,000 first prize in Las Vegas tournament	3		22	1
94	2025-12-23 12:18:39.416443+00	18	RayNeo X3 Pro AR glasses review: Intriguing, high-priced glasses with alarming battery life	3		22	1
95	2025-12-23 12:18:39.416453+00	19	Nintendo Switch 2 to reportedly get smaller capacity game cartridges soon, offering an alternative to costly 64GB cards ÔÇö Storage crisis might delay production, however	3		22	1
96	2025-12-23 12:18:39.416463+00	20	Massive two-year project recovers 144 previously undumped Sega Genesis game ROMs from the mid-1990s ÔÇö lost Garfield and Flintstones games among the notable finds	3		22	1
97	2025-12-23 12:18:39.416472+00	1	Are these the 100 most influential games of all time? ft. Tanya Short - Game Developer Podcast Ep. 62	3		22	1
98	2025-12-23 12:18:39.416482+00	2	Who killed the game industry? Union workers make splash at Game Awards protest	3		22	1
99	2025-12-23 12:18:39.416491+00	3	Dev backlash over Larian CEO's genAI praise is about leadership, not just tech	3		22	1
100	2025-12-23 12:18:39.416501+00	4	The 10 game industry trends that made (and plagued) this year - 2025 Wrap-Up	3		22	1
101	2025-12-23 12:18:39.416511+00	5	FIFA and Netflix partner for a new soccer game	3		22	1
102	2025-12-23 12:18:39.41652+00	6	Tencent and Sony reach 'confidential settlement' on Horizon cloning lawsuit	3		22	1
103	2025-12-23 12:18:39.41653+00	7	Sucker Punch Productions studio head is stepping down	3		22	1
104	2025-12-23 12:18:39.416546+00	8	After delay, Bungie's Marathon is set to be released in March	3		22	1
105	2025-12-23 12:18:39.416556+00	9	Ubisoft acquires March of Giants dev Amazon Games Montreal	3		22	1
106	2025-12-23 12:18:39.416565+00	10	Update: Larian CEO says any AI tool 'used well' is additive, not a replacement for skill or craft	3		22	1
107	2026-01-05 07:29:54.826888+00	78	Post by travispickle at 2026-01-05 07:17:51.350147+00:00	3		9	1
108	2026-01-05 07:29:54.826951+00	77	Post by travispickle at 2026-01-05 07:16:51.084009+00:00	3		9	1
\.


--
-- Data for Name: django_content_type; Type: TABLE DATA; Schema: public; Owner: postgres
--

COPY public.django_content_type (id, app_label, model) FROM stdin;
1	admin	logentry
2	auth	permission
3	auth	group
4	contenttypes	contenttype
5	sessions	session
6	authtoken	token
7	authtoken	tokenproxy
8	core	game
9	core	post
10	api	interest
11	api	user
12	api	notification
13	api	follow
14	api	conversation
15	api	message
16	api	libraryentry
17	api	review
18	core	review
19	news	newssource
20	news	news
21	core	socialpost
22	core	news
23	core	newssource
24	core	like
25	core	project
26	core	jobposting
27	core	postmedia
28	core	pitch
29	core	investorcall
\.


--
-- Data for Name: django_migrations; Type: TABLE DATA; Schema: public; Owner: postgres
--

COPY public.django_migrations (id, app, name, applied) FROM stdin;
1	contenttypes	0001_initial	2025-12-04 10:39:43.860709+00
2	contenttypes	0002_remove_content_type_name	2025-12-04 10:39:43.869875+00
3	auth	0001_initial	2025-12-04 10:39:43.910605+00
4	auth	0002_alter_permission_name_max_length	2025-12-04 10:39:43.914635+00
5	auth	0003_alter_user_email_max_length	2025-12-04 10:39:43.918509+00
6	auth	0004_alter_user_username_opts	2025-12-04 10:39:43.922366+00
7	auth	0005_alter_user_last_login_null	2025-12-04 10:39:43.926376+00
8	auth	0006_require_contenttypes_0002	2025-12-04 10:39:43.92798+00
9	auth	0007_alter_validators_add_error_messages	2025-12-04 10:39:43.9321+00
10	auth	0008_alter_user_username_max_length	2025-12-04 10:39:43.936817+00
11	auth	0009_alter_user_last_name_max_length	2025-12-04 10:39:43.941154+00
12	auth	0010_alter_group_name_max_length	2025-12-04 10:39:43.948606+00
13	auth	0011_update_proxy_permissions	2025-12-04 10:39:43.952316+00
14	auth	0012_alter_user_first_name_max_length	2025-12-04 10:39:43.956316+00
15	api	0001_initial	2025-12-04 10:39:44.050439+00
16	admin	0001_initial	2025-12-04 10:39:44.071225+00
17	admin	0002_logentry_remove_auto_add	2025-12-04 10:39:44.079427+00
18	admin	0003_logentry_add_action_flag_choices	2025-12-04 10:39:44.086258+00
19	core	0001_initial	2025-12-04 10:39:44.131092+00
20	core	0002_post_gif_url_post_media_file_post_media_type	2025-12-04 10:39:44.153904+00
21	core	0003_post_poll_options	2025-12-04 10:39:44.1651+00
22	core	0004_delete_review	2025-12-04 10:39:44.171066+00
23	core	0005_review	2025-12-04 10:39:44.196304+00
24	core	0006_delete_review	2025-12-04 10:39:44.201654+00
25	api	0002_conversation_message	2025-12-04 10:39:44.248378+00
26	api	0003_user_steam_id_libraryentry	2025-12-04 10:39:44.28277+00
27	api	0004_alter_libraryentry_status	2025-12-04 10:39:44.29289+00
28	api	0005_review	2025-12-04 10:39:44.320274+00
29	api	0006_delete_review	2025-12-04 10:39:44.325281+00
30	api	0007_review	2025-12-04 10:39:44.381345+00
31	authtoken	0001_initial	2025-12-04 10:39:44.4124+00
32	authtoken	0002_auto_20160226_1747	2025-12-04 10:39:44.468671+00
33	authtoken	0003_tokenproxy	2025-12-04 10:39:44.472646+00
34	authtoken	0004_alter_tokenproxy_options	2025-12-04 10:39:44.478112+00
35	core	0007_post_parent_post_post_parent_review	2025-12-04 10:39:44.536592+00
36	sessions	0001_initial	2025-12-04 10:39:44.548385+00
37	core	0008_remove_post_parent_post_remove_post_parent_review_and_more	2025-12-10 09:58:02.379729+00
38	api	0008_delete_review	2025-12-10 09:58:02.397914+00
39	core	0009_delete_review	2025-12-10 10:41:05.84409+00
40	api	0009_review	2025-12-10 10:41:05.906285+00
41	api	0010_delete_review	2025-12-10 10:48:08.773609+00
42	core	0010_review	2025-12-10 10:48:08.823932+00
43	core	0011_alter_review_options_and_more	2025-12-15 08:49:17.519518+00
44	core	0012_alter_post_content	2025-12-15 10:26:10.231642+00
45	core	0013_remove_review_text_comment_review_contains_spoilers_and_more	2025-12-16 09:16:07.798846+00
46	core	0014_remove_review_contains_spoilers_and_more	2025-12-16 09:21:17.321479+00
47	core	0015_delete_review	2025-12-16 09:39:15.729359+00
48	core	0016_review	2025-12-17 10:41:23.862086+00
49	core	0017_post_parent	2025-12-19 12:17:58.246427+00
50	core	0018_post_review_parent	2025-12-19 12:44:44.749031+00
51	api	0002_initial	2025-12-22 10:46:50.570065+00
52	news	0001_initial	2025-12-22 10:46:50.648202+00
53	core	0002_socialpost	2025-12-22 11:34:52.475229+00
54	core	0019_newssource_news	2025-12-22 11:55:23.911801+00
55	core	0020_post_news_parent_like	2025-12-23 12:54:04.105568+00
56	core	0021_project_jobposting_post_project_parent	2026-02-01 10:15:22.50436+00
57	core	0022_post_title	2026-02-01 11:50:57.154037+00
58	core	0023_postmedia	2026-02-03 09:11:21.960016+00
59	core	0024_investorcall_pitch	2026-02-04 08:03:58.761157+00
\.


--
-- Data for Name: django_session; Type: TABLE DATA; Schema: public; Owner: postgres
--

COPY public.django_session (session_key, session_data, expire_date) FROM stdin;
0he4dsilhlz7juvvtf5fpgohwekwu7s9	.eJxVjDsOwjAQBe_iGllex79Q0nMGa-1d4wBypDipEHeHSCmgfTPzXiLitta4dV7iROIsQJx-t4T5wW0HdMd2m2We27pMSe6KPGiX15n4eTncv4OKvX5rdt5aSNlTsoyELkMwhKP2JXOwaEBrQHCD0qkYGsiOhsCzYhuKRyXeH_fVOCY:1vR6rN:q_i2E5iXTahW2QfVi0Zj1pMJlOhCHI3dn7LzJF1aovY	2025-12-18 10:46:53.541216+00
3tsx2xpwiv88wfg8u18m5hmpn4m0ugbz	.eJxVjDsOwjAQBe_iGllex79Q0nMGa-1d4wBypDipEHeHSCmgfTPzXiLitta4dV7iROIsQJx-t4T5wW0HdMd2m2We27pMSe6KPGiX15n4eTncv4OKvX5rdt5aSNlTsoyELkMwhKP2JXOwaEBrQHCD0qkYGsiOhsCzYhuKRyXeH_fVOCY:1vWZFG:h7_FGGkbqRWtCtly6tTzzDPVaCcOPGjBezpKgrNXzpU	2026-01-02 12:06:06.780292+00
86bzti4kuxcdzyj64w05v42w6vw96spa	.eJxVjDsOwjAQBe_iGllex79Q0nMGa-1d4wBypDipEHeHSCmgfTPzXiLitta4dV7iROIsQJx-t4T5wW0HdMd2m2We27pMSe6KPGiX15n4eTncv4OKvX5rdt5aSNlTsoyELkMwhKP2JXOwaEBrQHCD0qkYGsiOhsCzYhuKRyXeH_fVOCY:1vXzgm:AJnxLfPEj4trVrqQ0exxytTHCiEi2Db12hhzYKKmGuI	2026-01-06 10:32:24.185513+00
4bx85ip12h4pb611z0n2aqo7vszzn64a	.eJxVjDsOwjAQBe_iGllex79Q0nMGa-1d4wBypDipEHeHSCmgfTPzXiLitta4dV7iROIsQJx-t4T5wW0HdMd2m2We27pMSe6KPGiX15n4eTncv4OKvX5rdt5aSNlTsoyELkMwhKP2JXOwaEBrQHCD0qkYGsiOhsCzYhuKRyXeH_fVOCY:1vceVc:PgmS4ZLxdaZoG7ddLQTHstdtOvcvSnZNknqgHhgYJsk	2026-01-19 06:56:08.658625+00
zrce55a5lpeziip5dkaqekajzhuhmy85	.eJxVjDsOwjAQBe_iGllex79Q0nMGa-1d4wBypDipEHeHSCmgfTPzXiLitta4dV7iROIsQJx-t4T5wW0HdMd2m2We27pMSe6KPGiX15n4eTncv4OKvX5rdt5aSNlTsoyELkMwhKP2JXOwaEBrQHCD0qkYGsiOhsCzYhuKRyXeH_fVOCY:1vnDgc:ksdHMPnJsJfXBzNNP8GUxNWRH28D7ogMiSXd0lY_eG0	2026-02-17 10:31:10.171409+00
\.


--
-- Data for Name: news_news; Type: TABLE DATA; Schema: public; Owner: postgres
--

COPY public.news_news (id, title, link, image_url, description, pub_date, category, source_id) FROM stdin;
1	Are these the 100 most influential games of all time? ft. Tanya Short - Game Developer Podcast Ep. 62	https://www.gamedeveloper.com/design/are-these-the-100-most-influential-games-of-all-time-ft-tanya-short-game-developer-podcast-ep-62	https://eu-images.contentstack.com/v3/assets/blt740a130ae3c5d529/bltf1ca3d81d188862c/69417c70fad0bfc91a34fb8a/tanyashort.png?width=1280&auto=webp&quality=80&disable=upscale	These game designers say Portal is the most influential game of all-time. Do you agree?...	2025-12-19 15:30:00+00	Devs	2
2	Who killed the game industry? Union workers make splash at Game Awards protest	https://www.gamedeveloper.com/business/-who-killed-the-game-industry-union-workers-make-splash-at-game-awards-protest	https://eu-images.contentstack.com/v3/assets/blt740a130ae3c5d529/bltc739907148915fd4/69441998ae841a8606a6328a/uvwprotest2025.jpg?width=1280&auto=webp&quality=80&disable=upscale	A vigil for those trampled in the name of profits....	2025-12-19 15:25:32+00	Devs	2
3	Dev backlash over Larian CEO's genAI praise is about leadership, not just tech	https://www.gamedeveloper.com/production/dev-backlash-to-larian-ceo-s-ai-comments-is-about-leadership-not-just-tech	https://eu-images.contentstack.com/v3/assets/blt740a130ae3c5d529/blt187c43f1fcb5374e/69440bf7705c8fc71497595f/divinitycrownguyfeatured.jpg?width=1280&auto=webp&quality=80&disable=upscale	A bubbling pot is beginning to boil over....	2025-12-18 20:00:00+00	Devs	2
4	The 10 game industry trends that made (and plagued) this year - 2025 Wrap-Up	https://www.gamedeveloper.com/business/game-developer-s-2025-wrap-up-the-trends-that-made-and-plagued-this-year	https://eu-images.contentstack.com/v3/assets/blt740a130ae3c5d529/bltdf362ce91b896ad8/6941b7b0bbf6bca82c111940/AdobeStock_1521477899.jpg?width=1280&auto=webp&quality=80&disable=upscale	The trends of 2025 could be best defined as 'stress-inducing.'...	2025-12-18 16:45:19+00	Devs	2
5	FIFA and Netflix partner for a new soccer game	https://www.gamedeveloper.com/business/fifa-and-netflix-partner-for-a-new-football-game	https://eu-images.contentstack.com/v3/assets/blt740a130ae3c5d529/bltfbca89227f87fbb1/69441ee30d23699f1e924b14/fifa.jpg?width=1280&auto=webp&quality=80&disable=upscale	The game will be developed and published by Delphi Interactive, a studio that collaborated with IO Interactive in 007 First Light....	2025-12-18 15:31:22+00	Devs	2
6	Tencent and Sony reach 'confidential settlement' on Horizon cloning lawsuit	https://www.gamedeveloper.com/business/tencent-and-sony-settle-horizon-cloning-lawsuit	https://eu-images.contentstack.com/v3/assets/blt740a130ae3c5d529/blt27203b3bda698826/69440a6f516b71446d8b7eb0/light_of_motiram_lawsuit.webp?width=1280&auto=webp&quality=80&disable=upscale	Light of Motiram has been pulled from stores, while the parties have reached a confidential settlement....	2025-12-18 13:49:12+00	Devs	2
7	Sucker Punch Productions studio head is stepping down	https://www.gamedeveloper.com/business/sucker-punch-productions-studio-head-is-stepping-down	https://eu-images.contentstack.com/v3/assets/blt740a130ae3c5d529/blt9407c7f62cfdb349/6942d5689ef3f9e47e78632c/New_Project_(11).png?width=1280&auto=webp&quality=80&disable=upscale	Co-founder Brian Fleming will depart the studio in April of next year and will be succeeded by two new studio heads....	2025-12-17 14:46:52+00	Devs	2
8	After delay, Bungie's Marathon is set to be released in March	https://www.gamedeveloper.com/business/marathon-releases-in-march-2026-at-40	https://eu-images.contentstack.com/v3/assets/blt740a130ae3c5d529/blt1235c0aaef9d0058/69417c063e42174bcffc94c2/marathon_release_window.png?width=1280&auto=webp&quality=80&disable=upscale	The news comes six months after developer Bungie delayed Marathon following a tumultuous early reception....	2025-12-16 20:09:20+00	Devs	2
9	Ubisoft acquires March of Giants dev Amazon Games Montreal	https://www.gamedeveloper.com/business/ubisoft-acquires-march-of-giants-dev-amazon-games-montreal	https://eu-images.contentstack.com/v3/assets/blt740a130ae3c5d529/blt4e660f9c36f68b4b/69416a0f6b3ea87101220fb1/march_of_the_giants.png?width=1280&auto=webp&quality=80&disable=upscale	Ubisoft has acquired the rights to the free-to-play MOBA, as well as the team behind it....	2025-12-16 18:32:51+00	Devs	2
10	Update: Larian CEO says any AI tool 'used well' is additive, not a replacement for skill or craft	https://www.gamedeveloper.com/production/larian-ceo-says-studio-is-more-or-less-ok-around-gen-ai-use	https://eu-images.contentstack.com/v3/assets/blt740a130ae3c5d529/blt6de5476fa53573e4/69418656c8d1e880b9faff68/astarion.jpg?width=1280&auto=webp&quality=80&disable=upscale	CEO Swen Vincke says Larian is using AI for concept art, placeholder text, PowerPoint presentations, and to 'explore ideas.'...	2025-12-16 15:50:57+00	Devs	2
11	The 10 events that defined the year for game developers - 2025 Wrap-up	https://www.gamedeveloper.com/business/game-developer-s-2025-wrap-up-the-10-events-that-defined-the-year	https://eu-images.contentstack.com/v3/assets/blt740a130ae3c5d529/blt3f01cfc9f0e709b3/69402f43bbf90760a59e73ea/Events_Header.png?width=1280&auto=webp&quality=80&disable=upscale	Here are the news stories that turned heads during another topsy-turvy year in video games....	2025-12-16 15:00:00+00	Devs	2
12	id Software workers form wall-to-wall union in response to mass Xbox layoffs	https://www.gamedeveloper.com/business/id-software-workers-form-wall-to-wall-union-in-response-to-mass-xbox-layoffs	https://eu-images.contentstack.com/v3/assets/blt740a130ae3c5d529/blt29a087a5ab600184/681a6e95092833652bb51a11/doomparyblogfeatured.png?width=1280&auto=webp&quality=80&disable=upscale	Update: Rip and tear until the contract is done....	2025-12-12 20:19:50+00	Devs	2
13	Dispatch devs share storytelling and co-dev secrets - Game Developer Podcast Ep. 61	https://www.gamedeveloper.com/design/dispatch-devs-share-storytelling-and-co-dev-secrets-game-developer-podcast-ep-61	https://eu-images.contentstack.com/v3/assets/blt740a130ae3c5d529/bltca6c49fff7c48435/6938190413f6281f402f8124/dispatchpodthumb.png?width=1280&auto=webp&quality=80&disable=upscale	The co-directors of Dispatch dish on co-development and dynamic storytelling....	2025-12-12 16:00:00+00	Devs	2
14	Obituary: Ratchet &amp; Clank voice actor Jim Ward has passed away at 66	https://www.gamedeveloper.com/business/obituary-jim-ward-voice-of-captain-qwark-has-passed-away-at-66	https://eu-images.contentstack.com/v3/assets/blt740a130ae3c5d529/blt1d14ad77a1222964/693af2e77d1466fb89063f4d/obituary_jim_ward.png?width=1280&auto=webp&quality=80&disable=upscale	Ward contributed his voice acting to Ratchet and Clank, Destroy All Humans!, and The Elder Scrolls Online, among many other games....	2025-12-11 20:14:27+00	Devs	2
15	Disney buys into OpenAI, another studio escapes Embracer, and The Game Awards trailers cost how much? - Patch Notes #34	https://www.gamedeveloper.com/business/disney-buys-into-openai-another-studio-escapes-embracer-and-the-game-awards-trailers-cost-how-much-patch-notes-34	https://eu-images.contentstack.com/v3/assets/blt740a130ae3c5d529/blteb27e1eba18476af/693b93060a59ed455a2f6c5f/TGA_Patch_Notes_Header.png?width=1280&auto=webp&quality=80&disable=upscale	Plus: Square Enix slammed by major investor and the UK government will look into allegations of union busting at Rockstar....	2025-12-11 15:52:12+00	Devs	2
16	Report: The Game Awards trailers can cost devs up to $1 million	https://www.gamedeveloper.com/marketing/report-the-game-awards-trailers-can-cost-devs-up-to-1-million	https://eu-images.contentstack.com/v3/assets/blt740a130ae3c5d529/bltdc193dd4781debfc/693acee6df11fa5e964fa362/the_game_awards_trailer_prices.jpg?width=1280&auto=webp&quality=80&disable=upscale	A 60-second trailer can reportedly cost up to $450,000, with a three-minute trailer costing over $1 million....	2025-12-11 14:01:38+00	Devs	2
17	UK Prime Minister promises to 'look into' Rockstar's firing of workers	https://www.gamedeveloper.com/business/uk-prime-minister-promises-to-look-into-rockstar-s-firing-of-workers	https://eu-images.contentstack.com/v3/assets/blt740a130ae3c5d529/blt7be6da72f8e7ef38/69398e676de96a06c49d2ae4/Real_Dimez_03.jpg?width=1280&auto=webp&quality=80&disable=upscale	PM Keir Starmer describes Rockstar's dismissal of 31 union members as "deeply concerning."...	2025-12-10 15:03:50+00	Devs	2
18	Call of Duty ditches back-to-back releases of Modern Warfare and Black Ops	https://www.gamedeveloper.com/business/call-of-duty-ditches-back-to-back-releases-of-modern-warfare-or-black-ops	https://eu-images.contentstack.com/v3/assets/blt740a130ae3c5d529/bltf6568c522d1edfd5/69397af68fe9522e83a32d04/black_ops.jpg?width=1280&auto=webp&quality=80&disable=upscale	Call of Duty staff acknowledge the franchise has not met people's expectations fully, and plans to drive 'innovation that is meaningful, not incremental.'...	2025-12-10 13:51:12+00	Devs	2
19	Major shareholder denounces Square Enix for 'sluggish' revenue and profit margins	https://www.gamedeveloper.com/business/major-shareholder-blames-square-enix-for-sluggish-revenue-and-profit-margins	https://eu-images.contentstack.com/v3/assets/blt740a130ae3c5d529/blt640eb03b17fe3492/693848c3459cb21a61096999/large.jpg?width=1280&auto=webp&quality=80&disable=upscale	In a 112-page presentation, firm 3D Investment Partners criticizes Square Enix's 'management issues.'...	2025-12-09 15:30:20+00	Devs	2
20	Take-Two hires Perfect Dark studio leads for new team	https://www.gamedeveloper.com/business/take-two-hires-perfect-dark-studio-leads-for-new-studio	https://eu-images.contentstack.com/v3/assets/blt740a130ae3c5d529/bltf8955ce01bb72fd3/69382b3810eac052fa13709d/perfect_dark_take_two.jpg?width=1280&auto=webp&quality=80&disable=upscale	Studio head Darrell Gallagher and creative director Brian Horton are starting a studio within 2K....	2025-12-09 13:50:54+00	Devs	2
21	Paramount bid for Warner Bros. backed by EA acquisition group investors	https://www.gamedeveloper.com/business/paramount-bid-for-warner-bros-backed-by-ea-acquisition-group-members	https://eu-images.contentstack.com/v3/assets/blt740a130ae3c5d529/bltb7a372e4d0a39483/69374c39811c072d733c12ed/wbwatertowerfeatured.jpg?width=1280&auto=webp&quality=80&disable=upscale	A few familiar faces are entering the fracas over the future of Warner Bros Discovery and Warner Bros. Games....	2025-12-08 22:09:29+00	Devs	2
22	Kingdom of Gaming event to debut in Saudi Arabia with state backing	https://www.gamedeveloper.com/business/kingdom-of-gaming-event-to-debut-in-saudi-arabia-with-state-backing	https://eu-images.contentstack.com/v3/assets/blt740a130ae3c5d529/blte2eead22e3b62357/6936e53fbfb3451387509584/KoG_Header.png?width=1280&auto=webp&quality=80&disable=upscale	The conference will purportedly seek to unite developers, studios, and investors....	2025-12-08 16:12:39+00	Devs	2
23	Tekken boss Katsuhiro Harada is leaving Bandai Namco	https://www.gamedeveloper.com/business/tekken-boss-katsuhiro-harada-is-leaving-bandai-namco	https://eu-images.contentstack.com/v3/assets/blt740a130ae3c5d529/blteb95537755947645/6936c691e0c7cfccdd9abd2e/Tekken_Header.png?width=1280&auto=webp&quality=80&disable=upscale	The veteran developer will exit the Japanese company this month....	2025-12-08 12:33:00+00	Devs	2
24	Report: iam8bit sues Skybound, alleging fraud	https://www.gamedeveloper.com/business/report-iam8bit-sues-skybound-alleging-fraud	https://eu-images.contentstack.com/v3/assets/blt740a130ae3c5d529/bltc1c431112d0ee3db/6933327ac2c1e8ef33437c56/stray_screenshot.jpg?width=1280&auto=webp&quality=80&disable=upscale	iam8bit alleges its business partner Skybound Game Studios is in breach of contract....	2025-12-05 19:24:23+00	Devs	2
25	Yes, Netflix is acquiring Warner Bros. Games	https://www.gamedeveloper.com/business/yes-netflix-is-acquiring-warner-bros-games	https://eu-images.contentstack.com/v3/assets/blt740a130ae3c5d529/bltce1c09ae2ff6ce8b/6932e6fd809a193f6f0cbd97/Netflix_Header.png?width=1280&auto=webp&quality=80&disable=upscale	A Warner Bros. spokesperson has confirmed the video game division will be acquired by Netflix alongside its wider streaming and television business....	2025-12-05 14:10:53+00	Devs	2
26	Epic bets against Horses, Russia bans Roblox, and Saudi Arabia wants the majority of EA - Patch Notes #33	https://www.gamedeveloper.com/business/epic-bets-against-horses-russia-bans-roblox-and-saudi-arabia-wants-the-majority-of-ea-patch-notes-33	https://eu-images.contentstack.com/v3/assets/blt740a130ae3c5d529/blta88a322ee1b9942d/6932bfe5ab7a4501bbb202ae/Patch_Notes_33.png?width=1280&auto=webp&quality=80&disable=upscale	Plus: Netflix sells game studio back to its founders and more layoffs at Embracer....	2025-12-05 10:57:27+00	Devs	2
27	Three design lessons from Defunctland's deep dive into Disney's 'Living Characters'	https://www.gamedeveloper.com/design/three-design-lessons-from-defunctland-s-deep-dive-on-disney-s-living-characters-	https://eu-images.contentstack.com/v3/assets/blt740a130ae3c5d529/blt8f6565cb439a0eb2/6931a2b5b018fc2d0d46db1e/NyIgV84fudM-HD.jpg?width=1280&auto=webp&quality=80&disable=upscale	Disney's experiments in making real-world NPCs offer lessons for game developers....	2025-12-04 18:35:21+00	Devs	2
28	Wreckreation developer puts entire studio on redundancy notice	https://www.gamedeveloper.com/business/wreckreation-developer-puts-entire-studio-on-redundancy-notice	https://eu-images.contentstack.com/v3/assets/blt740a130ae3c5d529/bltd6b7db2b58ed9232/6931b9756042fe7ef6f68c1c/car.jpg?width=1280&auto=webp&quality=80&disable=upscale	With THQ Nordic as the game's publisher, the studio 'will not see revenue from game sales for the foreseeable future.'...	2025-12-04 16:38:49+00	Devs	2
29	Sony partners with J.J. Abrams' Bad Robot Games as producer and publisher	https://www.gamedeveloper.com/business/sony-partners-with-j-j-abrams-bad-robot-games-as-producer-and-publisher	https://eu-images.contentstack.com/v3/assets/blt740a130ae3c5d529/bltd4f6dbc79d03971c/6931aff1d739323cc25dbfa2/left_4_dead_bad_robot.jpg?width=1280&auto=webp&quality=80&disable=upscale	The Tencent-backed division is working on a cooperative shooter directed by Left 4 Dead's Michael Booth, which Sony will produce and publish....	2025-12-04 15:12:56+00	Devs	2
30	EA makes eight more accessibility patents free-to-use	https://www.gamedeveloper.com/business/ea-makes-eight-more-accessibility-patents-free-to-use	https://eu-images.contentstack.com/v3/assets/blt740a130ae3c5d529/bltc59cdc579734dbc6/693191e7b3fcfae496de9c09/New_Project_(10).png?width=1280&auto=webp&quality=80&disable=upscale	Among them is Grapple Assist, which simplifies grappling transitions and controls in fighting games like EA Sports UFC....	2025-12-04 13:36:29+00	Devs	2
31	Roblox banned in Russia for hosting LGBTQ+ content	https://www.gamedeveloper.com/business/roblox-banned-in-russia-for-hosting-lgbtq-content	https://eu-images.contentstack.com/v3/assets/blt740a130ae3c5d529/blt24dffa498c0e29c1/693175a2323b7320265ea31c/Roblox_Header.png?width=1280&auto=webp&quality=80&disable=upscale	Russian media regulator Roskomnadzor is blocking access to the popular UGC platform....	2025-12-04 11:47:06+00	Devs	2
32	'We survive or fail on our own terms:' The rise and risk of independent game media	https://www.gamedeveloper.com/business/the-rise-and-risk-of-independent-game-media	https://eu-images.contentstack.com/v3/assets/blt740a130ae3c5d529/blt43584b1c20099671/69305ca3958d21689170a700/Indie_Media_Header.png?width=1280&auto=webp&quality=80&disable=upscale	Can worker-owned outlets create a brighter future for video game journalists and their readers?...	2025-12-04 09:56:34+00	Devs	2
33	Netflix to sell Spry Fox back to founders	https://www.gamedeveloper.com/business/report-netflix-to-sell-spry-fox-back-to-founders	https://eu-images.contentstack.com/v3/assets/blt740a130ae3c5d529/bltd6c1885643c8253b/69309f7131a5088b49bbcc36/image-1.webp?width=1280&auto=webp&quality=80&disable=upscale	Cozy Grove and Spirit Crossing studio Spry Fox will go independent once more....	2025-12-03 20:32:01+00	Devs	2
34	Hideo Kojima to deliver keynote at GDC 2026	https://www.gamedeveloper.com/business/hideo-kojima-to-deliver-keynote-at-gdc-2025	https://eu-images.contentstack.com/v3/assets/blt740a130ae3c5d529/blt76480b066e404c82/693063057ed33a8b9e9ae643/hk1019.jpg?width=1280&auto=webp&quality=80&disable=upscale	The mind behind Metal Gear and Death Stranding becomes the first keynote speaker confirmed for GDC 2026....	2025-12-03 17:00:52+00	Devs	2
35	Marathon stolen art assets issue 'solved' with Bungie and Sony	https://www.gamedeveloper.com/business/marathon-stolen-art-assets-issue-solved-with-bungie-and-sony	https://eu-images.contentstack.com/v3/assets/blt740a130ae3c5d529/blt5c6cd065bb993e8d/6930574593aa8db61b87f199/bungie_marathon_settlement_artist.jpg?width=1280&auto=webp&quality=80&disable=upscale	Months after Bungie confirmed the use of stolen assets and apologized publicly, graphic designer 'Antireal' says the situation has been solved....	2025-12-03 15:25:08+00	Devs	2
36	Report: Embracer-owned Eidos-Montreal lays off staff	https://www.gamedeveloper.com/business/report-embracer-owned-eidos-montr-al-lays-off-staff	https://eu-images.contentstack.com/v3/assets/blt740a130ae3c5d529/blt7700cb7144816563/69303f207d7f503871aed612/gotg_eidos_layoffs.jpg?width=1280&auto=webp&quality=80&disable=upscale	Most projects at the studio have reportedly been canceled, with priority shifting to supporting Xbox on Grounded 2 and Fable....	2025-12-03 14:48:17+00	Devs	2
37	Coffee Stain and Paradox veterans unveil new studio Feeble Minds	https://www.gamedeveloper.com/business/coffee-stain-and-paradox-veterans-unveil-new-studio-feeble-minds	https://eu-images.contentstack.com/v3/assets/blt740a130ae3c5d529/blt32c92e2dfadd1e4d/692ef5dc07f6834566096c06/KeyArt_3840x2160.png?width=1280&auto=webp&quality=80&disable=upscale	The ten-person team includes Coffee Stain Studios co-founders Oscar Jilsen and Mikael Mard, as well as the ex-Paradox product owner and programmer manager....	2025-12-03 14:37:08+00	Devs	2
38	Saudi Arabia will own 93.4 percent of EA after buyout	https://www.gamedeveloper.com/business/saudi-arabia-will-own-93-4-percent-of-ea-after-buyout	https://eu-images.contentstack.com/v3/assets/blt740a130ae3c5d529/blt5e21cb9013e000d3/69303b4d7fb9a3d5f35bb590/PIF_EA.png?width=1280&auto=webp&quality=80&disable=upscale	Fellow consortium members Silver Lake and Affinity Parters will own 5.5 percent and 1.1 percent, respectively....	2025-12-03 13:24:14+00	Devs	2
39	Horses banned from Epic Games Store just 24 hours before launch	https://www.gamedeveloper.com/business/horses-banned-from-epic-games-store-just-24-hours-before-launch	https://eu-images.contentstack.com/v3/assets/blt740a130ae3c5d529/blt0576893ed1b2b119/69301c377db79c95f57aa5dd/Horses_Header_2.png?width=1280&auto=webp&quality=80&disable=upscale	The surreal indie horror title was previously barred from Steam by Valve, casting the future of developer Santa Ragione in doubt....	2025-12-03 11:06:15+00	Devs	2
40	What goes into a good parry system?	https://www.gamedeveloper.com/design/what-goes-into-a-good-parry-system-	https://eu-images.contentstack.com/v3/assets/blt740a130ae3c5d529/blt3fc2f4b524cb1b89/692f08eaa17ced0fb8523054/parryfeatured.png?width=1280&auto=webp&quality=80&disable=upscale	Press 'block' at the right time to read this article....	2025-12-02 18:20:20+00	Devs	2
41	Monotype accused of overcharging Japanese devs for Japanese language fonts	https://www.gamedeveloper.com/business/american-company-is-overcharging-japanese-devs-for-japanese-language-fonts	https://eu-images.contentstack.com/v3/assets/blt740a130ae3c5d529/bltcf8b702a6275f515/692f0605d0d31842a0f01025/fate_grand_order.png?width=1280&auto=webp&quality=80&disable=upscale	Fontworks' new US-owned parent company Monotype is charging $20,500 per year, up from $380....	2025-12-02 15:14:10+00	Devs	2
42	UK publisher Outright Games confirms layoffs	https://www.gamedeveloper.com/business/uk-publisher-outright-games-confirms-layoffs	https://eu-images.contentstack.com/v3/assets/blt740a130ae3c5d529/bltf8040f3b6d83f22c/692ed26f7c947d5e8a381a37/Outright_Header.png?width=1280&auto=webp&quality=80&disable=upscale	The Chicken Run: Eggstraction publisher is preparing to make 27 employees redundant....	2025-12-02 11:42:20+00	Devs	2
43	Arc Games becomes independent publisher after splitting from Embracer	https://www.gamedeveloper.com/business/arc-games-becomes-independent-publisher-after-splitting-from-embracer	https://eu-images.contentstack.com/v3/assets/blt740a130ae3c5d529/blt315c364597f6e387/692ebd96d7e9272c82a6192f/Arc_Games_Header.png?width=1280&auto=webp&quality=80&disable=upscale	'We are now positioned to more fully pursue our vision.'...	2025-12-02 10:17:20+00	Devs	2
44	Analyzing the game industry's woes and AI's potential with former Nexon CEO Owen Mahoney	https://www.gamedeveloper.com/business/analyzing-the-game-industry-s-woes-and-ai-s-potential-with-former-nexon-ceo-owen-mahoney	https://eu-images.contentstack.com/v3/assets/blt740a130ae3c5d529/blt2888be53e61ef9e1/6920b8890401d700bac97fc5/BenKvalo_(1).png?width=1280&auto=webp&quality=80&disable=upscale	Owen Mahoney is the game industry exec who hates blockchain but hails the arrival of generative AI. Listen to our conversation with him on this weekÔÇÖs Game Developer Podcast....	2025-11-28 17:30:00+00	Devs	2
45	Ubisoft bets big on generative AI, Nintendo expands in Singapore, and does Steam have a censorship issue? - Patch Notes #32	https://www.gamedeveloper.com/business/ubisoft-bets-big-on-generative-ai-nintendo-expands-in-singapore-and-does-steam-have-a-censorship-issue-patch-notes-32	https://eu-images.contentstack.com/v3/assets/blt740a130ae3c5d529/blt8bbd78639156ff74/69298c6302c1fd714f9f173c/Patch_32_Header.png?width=1280&auto=webp&quality=80&disable=upscale	Plus: Cyberpunk 2077 tops 35 million sales and Splash Damage prepares for studio-wide layoffs....	2025-11-28 11:35:44+00	Devs	2
46	'The responsibility lies fully with us:' Paradox writes down millions after Bloodlines 2 underperforms	https://www.gamedeveloper.com/business/-the-responsibility-lies-fully-with-us-paradox-writes-down-millions-after-bloodlines-2-underperforms	https://eu-images.contentstack.com/v3/assets/blt740a130ae3c5d529/bltf58273824ebd6544/692859d2f3b2ad6487539fad/Bloodlines_2.png?width=1280&auto=webp&quality=80&disable=upscale	The long-awaited sequel has fallen short of sales expectations after a protracted development cycle involving multiple studios....	2025-11-27 13:54:44+00	Devs	2
47	Nintendo to acquire Splatoon 3 co-developer Bandai Namco Studios Singapore	https://www.gamedeveloper.com/business/nintendo-to-acquire-splatoon-3-co-developer-bandai-namco-studios-singapore	https://eu-images.contentstack.com/v3/assets/blt740a130ae3c5d529/blt709be5646df1cfc0/69284ee223c56b271c7e2f2b/Splatoon_3.png?width=1280&auto=webp&quality=80&disable=upscale	The studio will be rebranded as Nintendo Studios Singapore....	2025-11-27 13:04:13+00	Devs	2
48	News Tower is designed to nourish your inner 'history freak'	https://www.gamedeveloper.com/design/news-tower-is-designed-to-nourish-your-inner-history-freak-	https://eu-images.contentstack.com/v3/assets/blt740a130ae3c5d529/blt51556e77336e13f7/69284282cceca3603139a7ec/News_Tower.png?width=1280&auto=webp&quality=80&disable=upscale	Indie studio Sparrow Night reflects on the development of its debut title....	2025-11-27 11:58:16+00	Devs	2
49	Embracer divests Arc Games and Cryptic Studios	https://www.gamedeveloper.com/business/embracer-divests-arc-games-and-cryptic-studios	https://eu-images.contentstack.com/v3/assets/blt740a130ae3c5d529/blt243a705672a7f3cd/692700950b09ad2d04aa2c10/remnant_2_embracer_divestment.jpg?width=1280&auto=webp&quality=80&disable=upscale	Embracer will retain the publishing rights for the Remnant franchise and online fantasy adventure, Fellowship....	2025-11-26 18:26:23+00	Devs	2
50	NIST warns several of its Internet Time Service servers may be inaccurate due to a power outage ÔÇö Boulder servers 'no longer have an accurate time reference'	https://www.tomshardware.com/tech-industry/nist-warns-of-potential-inaccuracies-on-boulder-time-servers-after-power-failure	https://cdn.mos.cms.futurecdn.net/Fq28NcBUdpteFeNR3cQqoP-1280-80.jpg	NIST has warned that several of its Internet Time Service servers could be providing inaccurate time following a failure of the primary atomic time scale at its Boulder, Colorado campus....	2025-12-21 17:17:44+00	Hardware	3
51	Surprising biomedical application found for ASMLÔÇÖs chipmaking EUV lithography machines ÔÇö they can mass produce nanopores for molecular sensing	https://www.tomshardware.com/tech-industry/semiconductors/surprising-biomedical-application-found-for-asmls-chipmaking-euv-lithography-machines-they-can-mass-produce-nanopores-for-molecular-sensing	https://cdn.mos.cms.futurecdn.net/Q5DB3YhU9neKginm7VM5gd-1280-80.jpg	IMEC has successfully demonstrated the full wafer-scale fabrication of nanopores using ASMLÔÇÖs state-of-the-art extreme ultraviolet (EUV) machines....	2025-12-21 16:34:27+00	Hardware	3
52	IDC expects average PC prices to jump by up to 8% in 2026 due to crushing memory shortages ÔÇö some vendors already selling pre-builts without RAM	https://www.tomshardware.com/tech-industry/idc-expects-average-pc-prices-to-jump-by-up-to-8-percent-in-2026-due-to-crushing-memory-shortages-some-vendors-already-selling-pre-builts-without-ram	https://cdn.mos.cms.futurecdn.net/aFrdtqm8QLfdsRBkwhDjcC-1280-80.jpg	Market research firm IDC released updated forecasts for the PC market, saying that it could contract by 8.9%, with prices jumping up to 8%, if the memory shortage continues....	2025-12-21 13:35:00+00	Hardware	3
53	RayNeo X3 Pro AR glasses review: Intriguing, high-priced glasses with alarming battery life	https://www.tomshardware.com/peripherals/wearable-tech/rayneo-x3-pro-ar-glasses-review	https://cdn.mos.cms.futurecdn.net/6Dba6jqJhnmR5kNGsLDiy5-1280-80.jpg	If you have a short attention span and money to blow, the RayNeo X3 Pro might be up your alley, as it's expensive and has short battery life....	2025-12-21 13:00:00+00	Hardware	3
54	Over 1,800 North Korean applicants flood Amazon ÔÇö suspected illicit applicants blocked by the company since April 2024	https://www.tomshardware.com/tech-industry/cyber-security/north-korean-applicants-flood-amazon-over-1-800-suspected-illicit-applicants-blocked-by-the-company-since-april-2024	https://cdn.mos.cms.futurecdn.net/BB4m6F7puiNySjYkU5stDY-1280-80.jpg	The Amazon CSO reported that the company has seen over 1,800 applicants that it suspects are North Koreans posing as Americans....	2025-12-21 12:00:00+00	Hardware	3
55	LogitechÔÇÖs top-selling G502 Hero gaming mouse is half price at just $38 on Amazon ÔÇö save up to 53% on this fan favorite	https://www.tomshardware.com/peripherals/gaming-mice/logitechs-top-selling-g502-hero-gaming-mouse-is-nearly-half-price-at-just-usd38-on-amazon-save-up-to-53-percent-on-this-fan-favorite	https://cdn.mos.cms.futurecdn.net/vfHzvnitfK5HPxFHQdodGP-1280-80.jpg	The G502 Hero continues to attract gamers years after launch and at its current price, it delivers strong value for those looking for a customizable, well-built gaming mouse....	2025-12-20 17:50:39+00	Hardware	3
56	Steam app is now 64-bit only on systems that support it, 32-bit support enters final countdown ÔÇö 32-bit users will stop receiving updates in 2026	https://www.tomshardware.com/video-games/pc-gaming/steam-begins-64-bit-transition-on-windows-as-32-bit-support-enters-final-countdown	https://cdn.mos.cms.futurecdn.net/CBt66kAwURokqymNekYL97-1280-80.jpg	Valve has begun the final phase of its plan to end Steam support for 32-bit versions of Windows, with a December Steam client update that changes how the platform runs on modern systems....	2025-12-20 16:50:09+00	Hardware	3
57	Three year test shows OLED is significantly more reliable than LCD, with most lasting more than 10,000 hours ÔÇö 20 TVs failed out of 102 tested	https://www.tomshardware.com/monitors/televisions/three-year-test-shows-oled-is-significantly-more-reliable-than-lcd-with-most-lasting-more-than-10-000-hours-20-tvs-failed-out-of-102-tested	https://cdn.mos.cms.futurecdn.net/HSVMjFPxHj2mHjedANEmSL-1280-80.png	After 18,000 hours of simulated use, RTINGS' longevity test reveals fascinating insights into the TVs that dominate our markets today. While OLED has clearly overcome its reliability woes to become the least vulnerable panel type, LCDs with local dimming are still competitive and fare better than th...	2025-12-20 16:23:19+00	Hardware	3
58	Valve discontinues the most affordable Steam Deck ÔÇö $399 LCD version on the way out as new starting point is $549	https://www.tomshardware.com/video-games/handheld-gaming/valve-discontinues-the-most-affordable-steam-deck-usd399-lcd-version-on-the-way-out-as-new-starting-point-is-usd549	https://cdn.mos.cms.futurecdn.net/ZwfFt8nZVwKad3sVbp2jkh-1280-80.jpg	Valve announced on the Steam page that it's discontinuing the $399 LCD Steam Deck, saying that it's only available until stocks last....	2025-12-20 15:13:10+00	Hardware	3
72	Ongoing YouTube, Google outage reported ÔÇö outage spikes across popular services	https://www.tomshardware.com/news/live/ongoing-youtube-google-outage-reported-outage-spikes-across-popular-services	https://cdn.mos.cms.futurecdn.net/Li8ovz3NnfFX2rFT3hodQN-1280-80.jpg	Multiple reports indicate that YouTube, YouTube TV, and Google are all down....	2025-12-19 13:35:21+00	Hardware	3
59	China's new nation-spanning network eclipses 100 Gbps transferring 72 terabytes across 1,000km ÔÇö experimental research network designed to connect thousands of virtualized networks across the country	https://www.tomshardware.com/tech-industry/china-switches-on-ceni-research-network-with-72tb-transfer-test-across-1000km	https://cdn.mos.cms.futurecdn.net/AXYhwBq7Tg5WB5Cv9hSfyQ-1280-80.jpg	China has brought online a national experimental research network designed to support experimentation on future network designs and to improve data transmission quality....	2025-12-20 14:33:45+00	Hardware	3
60	The USB Power Delivery (PD) Specification ÔÇö everything you need to know about USB-PD	https://www.tomshardware.com/peripherals/usb/the-usb-power-delivery-pd-specification-everything-you-need-to-know-about-usb-pd	https://cdn.mos.cms.futurecdn.net/fVtm8JNooHsUNqjw8y4Sqb-1280-80.jpg	Learn the secrets of the USB PD specification as we delve into how the specification has changed in over a decade of revisions...	2025-12-20 14:00:00+00	Hardware	3
61	Hands-on with the Thermal Grizzly Der8enchtable: Updating our longstanding motherboard test bench	https://www.tomshardware.com/pc-components/motherboards/hands-on-with-the-thermal-grizzly-der8enchtable	https://cdn.mos.cms.futurecdn.net/dUytpmf5EMDaVd9B7oG4Wb-1280-80.jpg	The Thermal Grizzly Der8enchtable with an active PCB improves the open-air test bench by adding USB, storage, and integrated fan controls for easier extreme overclocking and hardware reviewing....	2025-12-20 13:00:00+00	Hardware	3
62	Google killed the 25-year-old Sega Dreamcast PlanetWeb 3.0 web browser this week ÔÇö big G's services no longer respond to this quarter-century-old software	https://www.tomshardware.com/video-games/retro-gaming/the-sega-dreamcasts-planetweb-3-0-browser-was-killed-by-google-this-week-big-gs-services-no-longer-respond-to-this-quarter-century-old-software	https://cdn.mos.cms.futurecdn.net/3nekrji6emnaEg2ybFc9T3-1280-80.jpg	The Sega DreamcastÔÇÖs ancient pack-in internet browser was killed by Google earlier this week....	2025-12-20 13:00:00+00	Hardware	3
63	MSI adds auto BCLK overclocking to X870 MAX motherboards ÔÇö claims new 'one-click' features add up to 15% extra performance on Ryzen 7 9800X3D	https://www.tomshardware.com/pc-components/cpus/msi-adds-auto-bclk-overclocking-to-x870-max-motherboards-claims-new-one-click-features-add-up-to-15-percent-extra-performance-on-ryzen-7-9800x3d	https://cdn.mos.cms.futurecdn.net/xTDkvKn3YbMsk8uzfxKSZh-1280-80.jpg	MSI adds several auto overclocking features, including BLCK overclocking profiles and DDR5 sub-timing overclocking profiles that boost performance up to 15% on AMD's Ryzen 7 9800X3D....	2025-12-20 12:40:00+00	Hardware	3
64	AMD publishes first Zen 6 document detailing ground-up redesign on 2nm process node ÔÇö brand-new 8-wide CPU core with strong vector capabilities	https://www.tomshardware.com/pc-components/cpus/amd-pubs-first-zen-6-document-for-developers-a-brand-new-8-wide-cpu-core-with-strong-vector-capabilities	https://cdn.mos.cms.futurecdn.net/b6AWuqaDHTv9ZS4ZpfqZNV-1280-80.png	AMD's Zen 6-based CPUs may be number crunching monsters, given their core design that is partially revealed in a performance counters document....	2025-12-20 12:20:00+00	Hardware	3
65	In a pinch? Last-minute digital gift ideas for Christmas 2025 for the techie in your life ÔÇö here's the picks if you have no time left for deliveries	https://www.tomshardware.com/gift-guides-seasonal-sales/no-more-time-for-deliveries-last-minute-digital-gift-ideas-for-christmas-2025-for-the-techie-in-your-life	https://cdn.mos.cms.futurecdn.net/eFBLwGC4Yu5bD6bLvp5w2c-1280-80.jpg	From gift cards to streaming services, these digital gifts can be purchased and delivered at any time, even on Christmas Day....	2025-12-20 12:10:00+00	Hardware	3
66	Nvidia-led NitroGen is a generalist video gaming AI that can play any title ÔÇö research also has big implications for robotics	https://www.tomshardware.com/tech-industry/artificial-intelligence/nvidia-led-nitrogen-is-a-generalist-video-gaming-ai-that-can-play-any-title-research-also-has-big-implications-for-robotics	https://cdn.mos.cms.futurecdn.net/n6yHq6ZZmfCRwAMkQHGWnE-1280-80.jpg	NitroGen is 'an open-source foundation model trained to play 1000+ games.'...	2025-12-20 10:51:47+00	Hardware	3
67	Samsung introduces SOCAMM2 LPDDR5X memory module for AI data centers ÔÇö new standard set to offer reduced power consumption and double the bandwidth versus DDR5 RDIMMs	https://www.tomshardware.com/tech-industry/samsung-introduces-socamm2-lpddr5x-memory-module-for-ai-data-centers	https://cdn.mos.cms.futurecdn.net/XkSAu7XtWGLeQFC4VgrruZ-1280-80.png	Samsung has announced its own SOCAMM2 LPDDR5-based memory module designed specifically for AI data center platforms, pitching it as  as a way to bring the power efficiency and bandwidth advantages of LPDDR5X into servers....	2025-12-19 17:56:14+00	Hardware	3
68	Here's why HBM is coming for your PC's RAM ÔÇö  HBM consumes around three times the wafer capacity of DDR5 per gigabyte, as AI supercharges demand for chips and advanced packaging	https://www.tomshardware.com/pc-components/ram/hbm-is-eating-your-ram	https://cdn.mos.cms.futurecdn.net/B5eSTUQDi88b2yTqQZJUcX-1280-80.jpg	AIÔÇÖs appetite for high-bandwidth memory is reshaping the global DRAM and NAND market, diverting wafer capacity and advanced packaging away from consumer products and driving sharp price increases across markets....	2025-12-19 16:36:13+00	Hardware	3
69	LG responds swiftly to user backlash, will allow users to remove Microsoft Copilot link from TVs ÔÇö clarifies service is not an app, future update will include tile removal option from WebOS	https://www.tomshardware.com/monitors/televisions/lg-says-microsoft-copilot-on-webos-tvs-is-a-browser-shortcut-not-a-built-in-app	https://cdn.mos.cms.futurecdn.net/pDwCh7z2gyqkfXQ8u6fntK-1280-80.jpg	LG has clarified how Microsoft Copilot appears on its webOS smart TVs following recent coverage that described the feature as a non-removable app bundled into the operating system....	2025-12-19 16:05:14+00	Hardware	3
70	Grab a new Elegoo 3D printer from just $149, thanks to huge holiday sale ÔÇö up to 53% savings on FDM and resin machines before Christmas	https://www.tomshardware.com/3d-printing/grab-a-new-elegoo-3d-printer-from-just-usd149-thanks-to-huge-holiday-sale-up-to-53-percent-savings-on-fdm-and-resin-machines-before-christmas	https://cdn.mos.cms.futurecdn.net/xhkZTUo3Lkb87Y3JcVws4g-1280-80.jpg	Elegoo has slashed the prices on its 3D printers for the holidays, with up to 53% off....	2025-12-19 15:55:11+00	Hardware	3
71	Prusa Research introduces the Open Community License to protect open source 3D Printing hardware ÔÇö new rules aimed at addressing industry abuses	https://www.tomshardware.com/3d-printing/prusa-research-introduces-the-open-community-license-to-protect-open-source-3d-printing-hardware-new-rules-aimed-at-addressing-industry-abuses	https://cdn.mos.cms.futurecdn.net/9ND7X7rSJqDf5GSax4ar2o-1280-80.png	Full STEP and Fusion CAD files for the CORE One+ and CORE One L are now available on Printables under the new OCL license....	2025-12-19 14:28:14+00	Hardware	3
89	The Best Game of 2025	https://www.ign.com/articles/the-best-game-of-2025	https://assets-prd.ignimgs.com/2025/12/08/best-game-of-2025-1765183526142.jpg	From long-awaited sequels to brand new RPG worlds, 2025 had plenty of great games, but which was the best of the year?...	2025-12-19 17:00:00+00	General	4
73	HP Omen 34c G2 34-inch WQHD 180 Hz gaming monitor review: Delivering style, speed and value	https://www.tomshardware.com/monitors/gaming-monitors/hp-omen-34c-g2-34-inch-wqhd-180-hz-gaming-monitor-review	https://cdn.mos.cms.futurecdn.net/xAfQHCrjY5WDeSg8U235t4-1280-80.jpg	HP brings solid performance and value to the 34-inch ultra-wide segment with the Omen 34c G2. ItÔÇÖs a VA panel with WQHD 3440x1440 resolution, 1500R curve, 180 Hz, Adaptive-Sync, MPRT backlight strobe, HDR400 and wide gamut color....	2025-12-19 13:00:00+00	Hardware	3
74	China convicts 27 people for smuggling 166 tons of critical chipmaking element antimony ÔÇö heavily-restricted mineral used for semiconductor manufacturing exported without licenses, court decides	https://www.tomshardware.com/tech-industry/china-convicts-27-people-for-smuggling-antimony-166-tons-of-mineral-used-for-semiconductor-manufacturing-exported-without-licenses-court-decides	https://cdn.mos.cms.futurecdn.net/cfgGeZtYh7fHtjssxVuT6n-1280-80.jpg	A Chinese court sentenced 27 individuals for illegally exporting antimony ingots without licenses, with authorities saying more than 166 metric tons were smuggled earlier this year....	2025-12-19 12:00:00+00	Hardware	3
75	French authorities arrest man for installing malware on a passenger ferry on behalf of 'a foreign power' ÔÇö could have enabled external control of systems, including navigation	https://www.tomshardware.com/tech-industry/cyber-security/french-ferry-malware-arrest-exposes-fragile-boundaries-between-ship-it-and-navigation-systems	https://cdn.mos.cms.futurecdn.net/HsGBQQERBGFAZ95k4mKiMG-1280-80.png	French authorities have arrested a Latvian national suspected of installing malware aboard an Italian passenger ferry while it was docked in southern France....	2025-12-19 11:30:00+00	Hardware	3
76	Grab this ┬ú138 2TB Acer Predator SSD before flash prices soar further ÔÇö fast Gen 4 speeds make this an essential upgrade for your gaming PC	https://www.tomshardware.com/pc-components/ssds/grab-this-gbp138-2tb-acer-predator-ssd-before-flash-prices-soar-further-fast-gen-4-speeds-make-this-an-essential-upgrade-for-your-gaming-pc	https://cdn.mos.cms.futurecdn.net/i3d7NQWmvmeHt47gJLehA3-1280-80.jpg	The 2TB Acer Predator GM7000 is a good all-rounder SSD, and priced at ┬ú137.96, this is the most affordable 2TB drive you can buy right now in the UK....	2025-12-19 10:28:22+00	Hardware	3
77	Score the Meta Quest 3S at its lowest-ever price before Christmas, now just ┬ú229 ÔÇö save 21% on this standalone VR headset with 128GB of storage	https://www.tomshardware.com/pc-components/score-the-meta-quest-3s-at-its-lowest-ever-price-before-christmas-now-just-gbp229-save-21-percent-on-this-standalone-vr-headset-with-128gb-of-storage	https://cdn.mos.cms.futurecdn.net/7dm4azSbsJkQKqwWLnCNrX-1280-80.jpg	Save ┬ú60 on the price of the Meta Quest S3 VR headset, back down to its lowest ever price, with delivery still possible before Christmas....	2025-12-18 17:58:10+00	Hardware	3
78	Huawei's AI chip capabilities still pale in comparison to American silicon ÔÇö report from U.S. council details that despite fears, Nvidia continues to lead by a wide margin	https://www.tomshardware.com/tech-industry/semiconductors/huawei-still-cant-match-nvidia-on-ai-chips-says-cfr-report	https://cdn.mos.cms.futurecdn.net/6qUKVLPXmWRtKD8hTrypsE-1280-80.jpg	A new report from the Council on Foreign Relations concludes that HuaweiÔÇÖs AI chip capabilities lag behind NvidiaÔÇÖs by a wide margin, and that the gap is growing exponentially....	2025-12-18 17:20:54+00	Hardware	3
79	The Best Deals Today: Assassin's Creed Shadows, Battlefield 6, God of War Ragnarok, and More	https://www.ign.com/articles/best-deals-for-december-21-2025	https://assets-prd.ignimgs.com/2024/05/15/ac-red-blog-1715782894354.jpg	...	2025-12-21 20:16:28+00	General	4
80	The Best Deals Today: Nintendo Switch 2 + Mario Kart World Bundle, PS5 Pro, and More	https://www.ign.com/articles/best-deals-for-december-20-2025	https://assets-prd.ignimgs.com/2025/12/03/best-nintendo-switch-2-console-deal-ign-2-1764771799037.png	...	2025-12-20 21:18:22+00	General	4
81	The Best Accessible Games of 2025	https://www.ign.com/articles/the-best-accessible-games-of-2025	https://assets-prd.ignimgs.com/2025/12/19/best-accessible-game-1766147602367.jpg	From a game that conveys the disabled experience to one that makes hardcore FPS combat more open to all types of players, these are the best accessible games from 2025....	2025-12-20 17:00:00+00	General	4
82	The Best Video Game Performances of 2025	https://www.ign.com/articles/the-best-video-game-performances-of-2025	https://assets-prd.ignimgs.com/2025/12/08/the-best-performances-2025-1765205047877.jpg	These are IGN's picks for the best individual performances in video games this year....	2025-12-20 17:00:00+00	General	4
83	The IGN Community Awards 2025	https://www.ign.com/articles/the-ign-community-awards-2025	https://assets-prd.ignimgs.com/2025/12/18/ign-community-awards-1766052120765.jpg	IGN's Community voted awards for 2025...	2025-12-20 15:00:00+00	General	4
84	Every Mario Game on Nintendo Switch in 2025	https://www.ign.com/articles/all-mario-games-on-nintendo-switch	https://assets-prd.ignimgs.com/2023/12/19/every-mario-game-on-switch-1703007907646.png	Every Mario game you can currently play on Switch, plus the Mario games and upgrades coming to the Switch 2....	2025-12-19 21:30:00+00	General	4
85	Take Time Board Game Review	https://www.ign.com/articles/take-time-board-game-review	https://assets-prd.ignimgs.com/2025/12/19/take-time-blogroll-1766170440564.jpg	Take Time's simple rules and non-threatening structure appeal to all ages, and the way it remains packed with excitement and creative potential without complexity or even the threat of losing is almost magical....	2025-12-19 19:24:06+00	General	4
86	Switch 2 Dev Says Nintendo Has Cheaper Cartridges Coming as Alternative to Game-Key Cards, Then Backtracks, but Either Way Its Title Will Now Be a Proper Physical Release	https://www.ign.com/articles/switch-2-dev-says-nintendo-has-cheaper-cartridges-coming-as-alternative-to-game-key-cards-then-backtracks-but-either-way-its-title-will-now-be-a-proper-physical-release	https://assets-prd.ignimgs.com/2025/12/19/inin-blogpost-r-type-gkcupdate2-1-6f56a4b3-1a75-47e1-b254-3615f6901f91-1766166950451.jpg	Fans expect Nintendo to soon make cheaper Switch 2 cartridges available to game publishers as a fresh alternative to Game-Key Cards, though one developer has said it expects its game to still cost around $10 more as it shifts to a proper game card....	2025-12-19 18:09:33+00	General	4
87	Roblox Updates: Holiday Roundup	https://www.ign.com/articles/roblox-weekly-updates	https://assets-prd.ignimgs.com/2025/10/17/image-10-1760716197716.png	A roundup of all the Roblox updates to expect over the holidays for the most popular experiences....	2025-12-19 18:00:01+00	General	4
88	Winter PC Game Sales Are Live, Featuring Big Discounts on Clair Obscur: Expedition 33, Silent Hill f, and More	https://www.ign.com/articles/winter-pc-game-sales-2025	https://assets-prd.ignimgs.com/2025/12/19/untitled-design-1766163518146.png	Winter PC game sales are officially live. Check out some of the best deals available right now from Steam, Fanatical, GOG, Humble Bundle, and Epic....	2025-12-19 17:17:40+00	General	4
90	Clair Obscur: Expedition 33 Fans Are Using the New Photo Mode to Recreate Memes, Take Action Shots, and Catch Incredible Hidden Details	https://www.ign.com/articles/clair-obscur-expedition-33-fans-are-using-the-new-photo-mode-to-recreate-memes-take-action-shots-and-catch-incredible-hidden-details	https://assets-prd.ignimgs.com/2025/04/24/clairobscurexpedition33-1745494444334.jpg	Clair Obscur: Expedition 33 fans have now had a week to play around with the game's new Photo Mode, introduced in its free DLC. And what a photo mode it is, resulting in some really incredible shots, funny meme recreations, and even discoveries of previously-hidden little details that are making us ...	2025-12-19 16:25:42+00	General	4
91	Eiji Aonuma Hints That Next Zelda Game Will Be Inspired by Elements of Hyrule Warriors: Age of Imprisonment	https://www.ign.com/articles/eiji-aonuma-hints-that-next-zelda-game-will-be-inspired-by-elements-of-hyrule-warriors-age-of-imprisonment	https://assets-prd.ignimgs.com/2025/07/31/hyrule-blog-copy-1753968420100.jpg	Eiji Aonuma, the producer of The Legend of Zelda series, recently dropped some hints about what players can expect from the next game in the series in an interview with Japanese news site 4Gamer. He noted that the collaboration with Koei Tecmo on Hyrule Warriors: Age of Imprisonment may influence th...	2025-12-19 15:54:34+00	General	4
92	Call of Duty: Black Ops 7 Is Already Half Price at Best Buy, Barely a Month After Release	https://www.ign.com/articles/call-of-duty-black-ops-7-is-already-half-price-at-most-retailers-barely-a-month-after-release	https://assets-prd.ignimgs.com/2025/12/04/season1thumb-1764861387266.png	Call of Duty Black Ops 7 is already seeing steep discounts, barely a month after release, dropping to $35 at Best Buy, and $40 everywhere else....	2025-12-19 15:39:47+00	General	4
93	Fallout Fans Are Trying to Settle This Mr. House True Identity Question, Ruling Out His Brother in the Process	https://www.ign.com/articles/fallout-fans-are-trying-to-settle-this-mr-house-true-identity-question-ruling-out-his-brother-in-the-process	https://assets-prd.ignimgs.com/2025/12/19/screenshot-2025-12-19-152409-1766157889685.png	While it might appear to most fans that Fallout Season 2, Episode 1 answered any lingering questions about the true identify of antagonist Mr. House, there are lingering theories that the character may not be who he seems. Well, it really is that simple, Fallout fans are insisting ÔÇö and no, thatÔÇÖs n...	2025-12-19 15:28:10+00	General	4
94	Pok├®mon TCG: This Phantasmal Flames Mega Charizard X Ultra-Premium Collection Is Cheaper Than ItÔÇÖs Ever Been at Amazon	https://www.ign.com/articles/pokemon-tcg-mega-charizard-x-ex-ultra-premium-collection-phantasmal-flames-discounted-at-amazon-now-below-market-price	https://assets-prd.ignimgs.com/2025/12/19/pokemon-tcg-upc-charizard-ign-1766156572380.png	The Phantasmal Flames Mega Charizard X ex Ultra-Premium Collection is in stock at Amazon for $139.99, under market price and cheaper than TCGplayer....	2025-12-19 15:04:02+00	General	4
95	Save Big on the Yunobo Legend of Zelda Amiibo and Donkey Kong and PaulineÔÇÖs Amiibo at Amazon	https://www.ign.com/articles/save-big-on-the-yunobo-legend-of-zelda-amiibo-and-donkey-kong-and-paulines-amiibo-at-amazon	https://assets-prd.ignimgs.com/2025/12/19/amiibo-deal-1766153494766.jpg	The Yunobo Legend of Zelda amiibo and the Donkey Kong and Pauline amiibo have both hit their lowest prices yet at Amazon. Grab the former for $8 and the latter for $20....	2025-12-19 15:03:34+00	General	4
96	Total War: Warhammer 40,000 Dev Wants 'All Your Favorites' From the Setting to Eventually Coexist in 'A Vast Galactic Sandbox' ÔÇö and It Might Take a Decade to Get There	https://www.ign.com/articles/total-war-warhammer-40000-dev-wants-all-your-favorites-from-the-setting-to-eventually-coexist-in-a-vast-galactic-sandbox-and-it-might-take-a-decade-to-get-there	https://assets-prd.ignimgs.com/2025/12/19/tw-main-1766153783932.jpg	Total War: Warhammer 40,000 will launch with four factions: Space Marines; Orks; Astra Militarum; and the Aeldari. But based on comments from developer Creative Assembly, it will eventually come to include pretty much every faction in the setting, added over the course of years....	2025-12-19 14:24:21+00	General	4
97	Octopath Traveler 0 Review	https://www.ign.com/articles/octopath-traveler-0-review	https://assets-prd.ignimgs.com/2025/12/03/octopath-traveler-0-blogroll-1764730871744.jpg	Octopath Traveler 0 asks you to stick with a 100-hour journey, and it rewards you with an experience only lengthy RPGs can pull off....	2025-12-19 14:00:00+00	General	4
98	MagicÔÇÖs Teenage Mutant Ninja Turtles Set Is Months Away, but Play Boosters Are Discounted Already	https://www.ign.com/articles/magics-teenage-mutant-ninja-turtles-set-is-months-away-but-play-boosters-are-discounted-already	https://assets-prd.ignimgs.com/2025/12/19/tmnt-key-art-1766146917496.jpg	Magic: The Gathering's TMNT set is getting a discount already, and it's not even out for three months....	2025-12-19 12:22:05+00	General	4
\.


--
-- Data for Name: news_newssource; Type: TABLE DATA; Schema: public; Owner: postgres
--

COPY public.news_newssource (id, name, rss_url, category, icon) FROM stdin;
1	GamesIndustry.biz	https://www.gamesindustry.biz/rss/gamesindustry/feed	Invest	https://www.gamesindustry.biz/img/logo.png
2	Game Developer	https://www.gamedeveloper.com/rss.xml	Devs	https://www.gamedeveloper.com/images/logo.png
3	Tom's Hardware	https://www.tomshardware.com/feeds/all	Hardware	https://cdn.mos.cms.futurecdn.net/8gzcr6RpGStvZFA2qRt4v6.jpg
4	IGN	https://www.ign.com/rss/articles/feed?tags=games	General	https://fr.ign.com/s/ign/social_logo.png
\.


--
-- Name: api_conversation_id_seq; Type: SEQUENCE SET; Schema: public; Owner: postgres
--

SELECT pg_catalog.setval('public.api_conversation_id_seq', 1, true);


--
-- Name: api_conversation_participants_id_seq; Type: SEQUENCE SET; Schema: public; Owner: postgres
--

SELECT pg_catalog.setval('public.api_conversation_participants_id_seq', 2, true);


--
-- Name: api_follow_id_seq; Type: SEQUENCE SET; Schema: public; Owner: postgres
--

SELECT pg_catalog.setval('public.api_follow_id_seq', 2, true);


--
-- Name: api_interest_id_seq; Type: SEQUENCE SET; Schema: public; Owner: postgres
--

SELECT pg_catalog.setval('public.api_interest_id_seq', 10, true);


--
-- Name: api_libraryentry_id_seq; Type: SEQUENCE SET; Schema: public; Owner: postgres
--

SELECT pg_catalog.setval('public.api_libraryentry_id_seq', 44, true);


--
-- Name: api_message_id_seq; Type: SEQUENCE SET; Schema: public; Owner: postgres
--

SELECT pg_catalog.setval('public.api_message_id_seq', 2, true);


--
-- Name: api_notification_id_seq; Type: SEQUENCE SET; Schema: public; Owner: postgres
--

SELECT pg_catalog.setval('public.api_notification_id_seq', 2, true);


--
-- Name: api_user_groups_id_seq; Type: SEQUENCE SET; Schema: public; Owner: postgres
--

SELECT pg_catalog.setval('public.api_user_groups_id_seq', 1, false);


--
-- Name: api_user_id_seq; Type: SEQUENCE SET; Schema: public; Owner: postgres
--

SELECT pg_catalog.setval('public.api_user_id_seq', 5, true);


--
-- Name: api_user_interests_id_seq; Type: SEQUENCE SET; Schema: public; Owner: postgres
--

SELECT pg_catalog.setval('public.api_user_interests_id_seq', 12, true);


--
-- Name: api_user_user_permissions_id_seq; Type: SEQUENCE SET; Schema: public; Owner: postgres
--

SELECT pg_catalog.setval('public.api_user_user_permissions_id_seq', 1, false);


--
-- Name: auth_group_id_seq; Type: SEQUENCE SET; Schema: public; Owner: postgres
--

SELECT pg_catalog.setval('public.auth_group_id_seq', 1, false);


--
-- Name: auth_group_permissions_id_seq; Type: SEQUENCE SET; Schema: public; Owner: postgres
--

SELECT pg_catalog.setval('public.auth_group_permissions_id_seq', 1, false);


--
-- Name: auth_permission_id_seq; Type: SEQUENCE SET; Schema: public; Owner: postgres
--

SELECT pg_catalog.setval('public.auth_permission_id_seq', 116, true);


--
-- Name: core_game_id_seq; Type: SEQUENCE SET; Schema: public; Owner: postgres
--

SELECT pg_catalog.setval('public.core_game_id_seq', 533, true);


--
-- Name: core_investorcall_id_seq; Type: SEQUENCE SET; Schema: public; Owner: postgres
--

SELECT pg_catalog.setval('public.core_investorcall_id_seq', 1, true);


--
-- Name: core_jobposting_id_seq; Type: SEQUENCE SET; Schema: public; Owner: postgres
--

SELECT pg_catalog.setval('public.core_jobposting_id_seq', 1, false);


--
-- Name: core_like_id_seq; Type: SEQUENCE SET; Schema: public; Owner: postgres
--

SELECT pg_catalog.setval('public.core_like_id_seq', 1, false);


--
-- Name: core_news_id_seq; Type: SEQUENCE SET; Schema: public; Owner: postgres
--

SELECT pg_catalog.setval('public.core_news_id_seq', 105, true);


--
-- Name: core_newssource_id_seq; Type: SEQUENCE SET; Schema: public; Owner: postgres
--

SELECT pg_catalog.setval('public.core_newssource_id_seq', 6, true);


--
-- Name: core_pitch_id_seq; Type: SEQUENCE SET; Schema: public; Owner: postgres
--

SELECT pg_catalog.setval('public.core_pitch_id_seq', 2, true);


--
-- Name: core_post_id_seq; Type: SEQUENCE SET; Schema: public; Owner: postgres
--

SELECT pg_catalog.setval('public.core_post_id_seq', 88, true);


--
-- Name: core_postmedia_id_seq; Type: SEQUENCE SET; Schema: public; Owner: postgres
--

SELECT pg_catalog.setval('public.core_postmedia_id_seq', 1, false);


--
-- Name: core_project_id_seq; Type: SEQUENCE SET; Schema: public; Owner: postgres
--

SELECT pg_catalog.setval('public.core_project_id_seq', 1, true);


--
-- Name: core_review_id_seq; Type: SEQUENCE SET; Schema: public; Owner: postgres
--

SELECT pg_catalog.setval('public.core_review_id_seq', 10, true);


--
-- Name: core_socialpost_id_seq; Type: SEQUENCE SET; Schema: public; Owner: postgres
--

SELECT pg_catalog.setval('public.core_socialpost_id_seq', 3, true);


--
-- Name: django_admin_log_id_seq; Type: SEQUENCE SET; Schema: public; Owner: postgres
--

SELECT pg_catalog.setval('public.django_admin_log_id_seq', 108, true);


--
-- Name: django_content_type_id_seq; Type: SEQUENCE SET; Schema: public; Owner: postgres
--

SELECT pg_catalog.setval('public.django_content_type_id_seq', 29, true);


--
-- Name: django_migrations_id_seq; Type: SEQUENCE SET; Schema: public; Owner: postgres
--

SELECT pg_catalog.setval('public.django_migrations_id_seq', 59, true);


--
-- Name: news_news_id_seq; Type: SEQUENCE SET; Schema: public; Owner: postgres
--

SELECT pg_catalog.setval('public.news_news_id_seq', 98, true);


--
-- Name: news_newssource_id_seq; Type: SEQUENCE SET; Schema: public; Owner: postgres
--

SELECT pg_catalog.setval('public.news_newssource_id_seq', 4, true);


--
-- Name: api_conversation_participants api_conversation_partici_conversation_id_user_id_b632ff59_uniq; Type: CONSTRAINT; Schema: public; Owner: postgres
--

ALTER TABLE ONLY public.api_conversation_participants
    ADD CONSTRAINT api_conversation_partici_conversation_id_user_id_b632ff59_uniq UNIQUE (conversation_id, user_id);


--
-- Name: api_conversation_participants api_conversation_participants_pkey; Type: CONSTRAINT; Schema: public; Owner: postgres
--

ALTER TABLE ONLY public.api_conversation_participants
    ADD CONSTRAINT api_conversation_participants_pkey PRIMARY KEY (id);


--
-- Name: api_conversation api_conversation_pkey; Type: CONSTRAINT; Schema: public; Owner: postgres
--

ALTER TABLE ONLY public.api_conversation
    ADD CONSTRAINT api_conversation_pkey PRIMARY KEY (id);


--
-- Name: api_follow api_follow_follower_id_following_id_842b1cda_uniq; Type: CONSTRAINT; Schema: public; Owner: postgres
--

ALTER TABLE ONLY public.api_follow
    ADD CONSTRAINT api_follow_follower_id_following_id_842b1cda_uniq UNIQUE (follower_id, following_id);


--
-- Name: api_follow api_follow_pkey; Type: CONSTRAINT; Schema: public; Owner: postgres
--

ALTER TABLE ONLY public.api_follow
    ADD CONSTRAINT api_follow_pkey PRIMARY KEY (id);


--
-- Name: api_interest api_interest_name_key; Type: CONSTRAINT; Schema: public; Owner: postgres
--

ALTER TABLE ONLY public.api_interest
    ADD CONSTRAINT api_interest_name_key UNIQUE (name);


--
-- Name: api_interest api_interest_pkey; Type: CONSTRAINT; Schema: public; Owner: postgres
--

ALTER TABLE ONLY public.api_interest
    ADD CONSTRAINT api_interest_pkey PRIMARY KEY (id);


--
-- Name: api_interest api_interest_slug_key; Type: CONSTRAINT; Schema: public; Owner: postgres
--

ALTER TABLE ONLY public.api_interest
    ADD CONSTRAINT api_interest_slug_key UNIQUE (slug);


--
-- Name: api_libraryentry api_libraryentry_pkey; Type: CONSTRAINT; Schema: public; Owner: postgres
--

ALTER TABLE ONLY public.api_libraryentry
    ADD CONSTRAINT api_libraryentry_pkey PRIMARY KEY (id);


--
-- Name: api_libraryentry api_libraryentry_user_id_game_id_d8c1547f_uniq; Type: CONSTRAINT; Schema: public; Owner: postgres
--

ALTER TABLE ONLY public.api_libraryentry
    ADD CONSTRAINT api_libraryentry_user_id_game_id_d8c1547f_uniq UNIQUE (user_id, game_id);


--
-- Name: api_message api_message_pkey; Type: CONSTRAINT; Schema: public; Owner: postgres
--

ALTER TABLE ONLY public.api_message
    ADD CONSTRAINT api_message_pkey PRIMARY KEY (id);


--
-- Name: api_notification api_notification_pkey; Type: CONSTRAINT; Schema: public; Owner: postgres
--

ALTER TABLE ONLY public.api_notification
    ADD CONSTRAINT api_notification_pkey PRIMARY KEY (id);


--
-- Name: api_user_groups api_user_groups_pkey; Type: CONSTRAINT; Schema: public; Owner: postgres
--

ALTER TABLE ONLY public.api_user_groups
    ADD CONSTRAINT api_user_groups_pkey PRIMARY KEY (id);


--
-- Name: api_user_groups api_user_groups_user_id_group_id_9c7ddfb5_uniq; Type: CONSTRAINT; Schema: public; Owner: postgres
--

ALTER TABLE ONLY public.api_user_groups
    ADD CONSTRAINT api_user_groups_user_id_group_id_9c7ddfb5_uniq UNIQUE (user_id, group_id);


--
-- Name: api_user_interests api_user_interests_pkey; Type: CONSTRAINT; Schema: public; Owner: postgres
--

ALTER TABLE ONLY public.api_user_interests
    ADD CONSTRAINT api_user_interests_pkey PRIMARY KEY (id);


--
-- Name: api_user_interests api_user_interests_user_id_interest_id_887c9ae4_uniq; Type: CONSTRAINT; Schema: public; Owner: postgres
--

ALTER TABLE ONLY public.api_user_interests
    ADD CONSTRAINT api_user_interests_user_id_interest_id_887c9ae4_uniq UNIQUE (user_id, interest_id);


--
-- Name: api_user api_user_pkey; Type: CONSTRAINT; Schema: public; Owner: postgres
--

ALTER TABLE ONLY public.api_user
    ADD CONSTRAINT api_user_pkey PRIMARY KEY (id);


--
-- Name: api_user_user_permissions api_user_user_permissions_pkey; Type: CONSTRAINT; Schema: public; Owner: postgres
--

ALTER TABLE ONLY public.api_user_user_permissions
    ADD CONSTRAINT api_user_user_permissions_pkey PRIMARY KEY (id);


--
-- Name: api_user_user_permissions api_user_user_permissions_user_id_permission_id_a06dd704_uniq; Type: CONSTRAINT; Schema: public; Owner: postgres
--

ALTER TABLE ONLY public.api_user_user_permissions
    ADD CONSTRAINT api_user_user_permissions_user_id_permission_id_a06dd704_uniq UNIQUE (user_id, permission_id);


--
-- Name: api_user api_user_username_key; Type: CONSTRAINT; Schema: public; Owner: postgres
--

ALTER TABLE ONLY public.api_user
    ADD CONSTRAINT api_user_username_key UNIQUE (username);


--
-- Name: auth_group auth_group_name_key; Type: CONSTRAINT; Schema: public; Owner: postgres
--

ALTER TABLE ONLY public.auth_group
    ADD CONSTRAINT auth_group_name_key UNIQUE (name);


--
-- Name: auth_group_permissions auth_group_permissions_group_id_permission_id_0cd325b0_uniq; Type: CONSTRAINT; Schema: public; Owner: postgres
--

ALTER TABLE ONLY public.auth_group_permissions
    ADD CONSTRAINT auth_group_permissions_group_id_permission_id_0cd325b0_uniq UNIQUE (group_id, permission_id);


--
-- Name: auth_group_permissions auth_group_permissions_pkey; Type: CONSTRAINT; Schema: public; Owner: postgres
--

ALTER TABLE ONLY public.auth_group_permissions
    ADD CONSTRAINT auth_group_permissions_pkey PRIMARY KEY (id);


--
-- Name: auth_group auth_group_pkey; Type: CONSTRAINT; Schema: public; Owner: postgres
--

ALTER TABLE ONLY public.auth_group
    ADD CONSTRAINT auth_group_pkey PRIMARY KEY (id);


--
-- Name: auth_permission auth_permission_content_type_id_codename_01ab375a_uniq; Type: CONSTRAINT; Schema: public; Owner: postgres
--

ALTER TABLE ONLY public.auth_permission
    ADD CONSTRAINT auth_permission_content_type_id_codename_01ab375a_uniq UNIQUE (content_type_id, codename);


--
-- Name: auth_permission auth_permission_pkey; Type: CONSTRAINT; Schema: public; Owner: postgres
--

ALTER TABLE ONLY public.auth_permission
    ADD CONSTRAINT auth_permission_pkey PRIMARY KEY (id);


--
-- Name: authtoken_token authtoken_token_pkey; Type: CONSTRAINT; Schema: public; Owner: postgres
--

ALTER TABLE ONLY public.authtoken_token
    ADD CONSTRAINT authtoken_token_pkey PRIMARY KEY (key);


--
-- Name: authtoken_token authtoken_token_user_id_key; Type: CONSTRAINT; Schema: public; Owner: postgres
--

ALTER TABLE ONLY public.authtoken_token
    ADD CONSTRAINT authtoken_token_user_id_key UNIQUE (user_id);


--
-- Name: core_game core_game_igdb_id_key; Type: CONSTRAINT; Schema: public; Owner: postgres
--

ALTER TABLE ONLY public.core_game
    ADD CONSTRAINT core_game_igdb_id_key UNIQUE (igdb_id);


--
-- Name: core_game core_game_pkey; Type: CONSTRAINT; Schema: public; Owner: postgres
--

ALTER TABLE ONLY public.core_game
    ADD CONSTRAINT core_game_pkey PRIMARY KEY (id);


--
-- Name: core_investorcall core_investorcall_pkey; Type: CONSTRAINT; Schema: public; Owner: postgres
--

ALTER TABLE ONLY public.core_investorcall
    ADD CONSTRAINT core_investorcall_pkey PRIMARY KEY (id);


--
-- Name: core_jobposting core_jobposting_pkey; Type: CONSTRAINT; Schema: public; Owner: postgres
--

ALTER TABLE ONLY public.core_jobposting
    ADD CONSTRAINT core_jobposting_pkey PRIMARY KEY (id);


--
-- Name: core_like core_like_pkey; Type: CONSTRAINT; Schema: public; Owner: postgres
--

ALTER TABLE ONLY public.core_like
    ADD CONSTRAINT core_like_pkey PRIMARY KEY (id);


--
-- Name: core_like core_like_user_id_news_id_f5636daf_uniq; Type: CONSTRAINT; Schema: public; Owner: postgres
--

ALTER TABLE ONLY public.core_like
    ADD CONSTRAINT core_like_user_id_news_id_f5636daf_uniq UNIQUE (user_id, news_id);


--
-- Name: core_like core_like_user_id_post_id_c54f3a92_uniq; Type: CONSTRAINT; Schema: public; Owner: postgres
--

ALTER TABLE ONLY public.core_like
    ADD CONSTRAINT core_like_user_id_post_id_c54f3a92_uniq UNIQUE (user_id, post_id);


--
-- Name: core_like core_like_user_id_review_id_d091cb73_uniq; Type: CONSTRAINT; Schema: public; Owner: postgres
--

ALTER TABLE ONLY public.core_like
    ADD CONSTRAINT core_like_user_id_review_id_d091cb73_uniq UNIQUE (user_id, review_id);


--
-- Name: core_news core_news_link_key; Type: CONSTRAINT; Schema: public; Owner: postgres
--

ALTER TABLE ONLY public.core_news
    ADD CONSTRAINT core_news_link_key UNIQUE (link);


--
-- Name: core_news core_news_pkey; Type: CONSTRAINT; Schema: public; Owner: postgres
--

ALTER TABLE ONLY public.core_news
    ADD CONSTRAINT core_news_pkey PRIMARY KEY (id);


--
-- Name: core_newssource core_newssource_pkey; Type: CONSTRAINT; Schema: public; Owner: postgres
--

ALTER TABLE ONLY public.core_newssource
    ADD CONSTRAINT core_newssource_pkey PRIMARY KEY (id);


--
-- Name: core_pitch core_pitch_pkey; Type: CONSTRAINT; Schema: public; Owner: postgres
--

ALTER TABLE ONLY public.core_pitch
    ADD CONSTRAINT core_pitch_pkey PRIMARY KEY (id);


--
-- Name: core_post core_post_pkey; Type: CONSTRAINT; Schema: public; Owner: postgres
--

ALTER TABLE ONLY public.core_post
    ADD CONSTRAINT core_post_pkey PRIMARY KEY (id);


--
-- Name: core_postmedia core_postmedia_pkey; Type: CONSTRAINT; Schema: public; Owner: postgres
--

ALTER TABLE ONLY public.core_postmedia
    ADD CONSTRAINT core_postmedia_pkey PRIMARY KEY (id);


--
-- Name: core_project core_project_pkey; Type: CONSTRAINT; Schema: public; Owner: postgres
--

ALTER TABLE ONLY public.core_project
    ADD CONSTRAINT core_project_pkey PRIMARY KEY (id);


--
-- Name: core_review core_review_pkey; Type: CONSTRAINT; Schema: public; Owner: postgres
--

ALTER TABLE ONLY public.core_review
    ADD CONSTRAINT core_review_pkey PRIMARY KEY (id);


--
-- Name: core_review core_review_user_id_game_id_678cde6c_uniq; Type: CONSTRAINT; Schema: public; Owner: postgres
--

ALTER TABLE ONLY public.core_review
    ADD CONSTRAINT core_review_user_id_game_id_678cde6c_uniq UNIQUE (user_id, game_id);


--
-- Name: core_socialpost core_socialpost_pkey; Type: CONSTRAINT; Schema: public; Owner: postgres
--

ALTER TABLE ONLY public.core_socialpost
    ADD CONSTRAINT core_socialpost_pkey PRIMARY KEY (id);


--
-- Name: django_admin_log django_admin_log_pkey; Type: CONSTRAINT; Schema: public; Owner: postgres
--

ALTER TABLE ONLY public.django_admin_log
    ADD CONSTRAINT django_admin_log_pkey PRIMARY KEY (id);


--
-- Name: django_content_type django_content_type_app_label_model_76bd3d3b_uniq; Type: CONSTRAINT; Schema: public; Owner: postgres
--

ALTER TABLE ONLY public.django_content_type
    ADD CONSTRAINT django_content_type_app_label_model_76bd3d3b_uniq UNIQUE (app_label, model);


--
-- Name: django_content_type django_content_type_pkey; Type: CONSTRAINT; Schema: public; Owner: postgres
--

ALTER TABLE ONLY public.django_content_type
    ADD CONSTRAINT django_content_type_pkey PRIMARY KEY (id);


--
-- Name: django_migrations django_migrations_pkey; Type: CONSTRAINT; Schema: public; Owner: postgres
--

ALTER TABLE ONLY public.django_migrations
    ADD CONSTRAINT django_migrations_pkey PRIMARY KEY (id);


--
-- Name: django_session django_session_pkey; Type: CONSTRAINT; Schema: public; Owner: postgres
--

ALTER TABLE ONLY public.django_session
    ADD CONSTRAINT django_session_pkey PRIMARY KEY (session_key);


--
-- Name: news_news news_news_link_key; Type: CONSTRAINT; Schema: public; Owner: postgres
--

ALTER TABLE ONLY public.news_news
    ADD CONSTRAINT news_news_link_key UNIQUE (link);


--
-- Name: news_news news_news_pkey; Type: CONSTRAINT; Schema: public; Owner: postgres
--

ALTER TABLE ONLY public.news_news
    ADD CONSTRAINT news_news_pkey PRIMARY KEY (id);


--
-- Name: news_newssource news_newssource_pkey; Type: CONSTRAINT; Schema: public; Owner: postgres
--

ALTER TABLE ONLY public.news_newssource
    ADD CONSTRAINT news_newssource_pkey PRIMARY KEY (id);


--
-- Name: api_conversation_participants_conversation_id_b5748151; Type: INDEX; Schema: public; Owner: postgres
--

CREATE INDEX api_conversation_participants_conversation_id_b5748151 ON public.api_conversation_participants USING btree (conversation_id);


--
-- Name: api_conversation_participants_user_id_9ea3ccd8; Type: INDEX; Schema: public; Owner: postgres
--

CREATE INDEX api_conversation_participants_user_id_9ea3ccd8 ON public.api_conversation_participants USING btree (user_id);


--
-- Name: api_follow_follower_id_e783f744; Type: INDEX; Schema: public; Owner: postgres
--

CREATE INDEX api_follow_follower_id_e783f744 ON public.api_follow USING btree (follower_id);


--
-- Name: api_follow_following_id_835a2911; Type: INDEX; Schema: public; Owner: postgres
--

CREATE INDEX api_follow_following_id_835a2911 ON public.api_follow USING btree (following_id);


--
-- Name: api_interest_name_462e0a43_like; Type: INDEX; Schema: public; Owner: postgres
--

CREATE INDEX api_interest_name_462e0a43_like ON public.api_interest USING btree (name varchar_pattern_ops);


--
-- Name: api_interest_slug_77c196be_like; Type: INDEX; Schema: public; Owner: postgres
--

CREATE INDEX api_interest_slug_77c196be_like ON public.api_interest USING btree (slug varchar_pattern_ops);


--
-- Name: api_libraryentry_game_id_08c96742; Type: INDEX; Schema: public; Owner: postgres
--

CREATE INDEX api_libraryentry_game_id_08c96742 ON public.api_libraryentry USING btree (game_id);


--
-- Name: api_libraryentry_user_id_b86c45f0; Type: INDEX; Schema: public; Owner: postgres
--

CREATE INDEX api_libraryentry_user_id_b86c45f0 ON public.api_libraryentry USING btree (user_id);


--
-- Name: api_message_conversation_id_e0f0e1a5; Type: INDEX; Schema: public; Owner: postgres
--

CREATE INDEX api_message_conversation_id_e0f0e1a5 ON public.api_message USING btree (conversation_id);


--
-- Name: api_message_sender_id_fa6d8ff2; Type: INDEX; Schema: public; Owner: postgres
--

CREATE INDEX api_message_sender_id_fa6d8ff2 ON public.api_message USING btree (sender_id);


--
-- Name: api_notification_actor_id_2105623d; Type: INDEX; Schema: public; Owner: postgres
--

CREATE INDEX api_notification_actor_id_2105623d ON public.api_notification USING btree (actor_id);


--
-- Name: api_notification_recipient_id_ad4ce955; Type: INDEX; Schema: public; Owner: postgres
--

CREATE INDEX api_notification_recipient_id_ad4ce955 ON public.api_notification USING btree (recipient_id);


--
-- Name: api_notification_target_type_id_149f8641; Type: INDEX; Schema: public; Owner: postgres
--

CREATE INDEX api_notification_target_type_id_149f8641 ON public.api_notification USING btree (target_type_id);


--
-- Name: api_user_groups_group_id_3af85785; Type: INDEX; Schema: public; Owner: postgres
--

CREATE INDEX api_user_groups_group_id_3af85785 ON public.api_user_groups USING btree (group_id);


--
-- Name: api_user_groups_user_id_a5ff39fa; Type: INDEX; Schema: public; Owner: postgres
--

CREATE INDEX api_user_groups_user_id_a5ff39fa ON public.api_user_groups USING btree (user_id);


--
-- Name: api_user_interests_interest_id_65b263b0; Type: INDEX; Schema: public; Owner: postgres
--

CREATE INDEX api_user_interests_interest_id_65b263b0 ON public.api_user_interests USING btree (interest_id);


--
-- Name: api_user_interests_user_id_5d7816c8; Type: INDEX; Schema: public; Owner: postgres
--

CREATE INDEX api_user_interests_user_id_5d7816c8 ON public.api_user_interests USING btree (user_id);


--
-- Name: api_user_user_permissions_permission_id_305b7fea; Type: INDEX; Schema: public; Owner: postgres
--

CREATE INDEX api_user_user_permissions_permission_id_305b7fea ON public.api_user_user_permissions USING btree (permission_id);


--
-- Name: api_user_user_permissions_user_id_f3945d65; Type: INDEX; Schema: public; Owner: postgres
--

CREATE INDEX api_user_user_permissions_user_id_f3945d65 ON public.api_user_user_permissions USING btree (user_id);


--
-- Name: api_user_username_cf4e88d2_like; Type: INDEX; Schema: public; Owner: postgres
--

CREATE INDEX api_user_username_cf4e88d2_like ON public.api_user USING btree (username varchar_pattern_ops);


--
-- Name: auth_group_name_a6ea08ec_like; Type: INDEX; Schema: public; Owner: postgres
--

CREATE INDEX auth_group_name_a6ea08ec_like ON public.auth_group USING btree (name varchar_pattern_ops);


--
-- Name: auth_group_permissions_group_id_b120cbf9; Type: INDEX; Schema: public; Owner: postgres
--

CREATE INDEX auth_group_permissions_group_id_b120cbf9 ON public.auth_group_permissions USING btree (group_id);


--
-- Name: auth_group_permissions_permission_id_84c5c92e; Type: INDEX; Schema: public; Owner: postgres
--

CREATE INDEX auth_group_permissions_permission_id_84c5c92e ON public.auth_group_permissions USING btree (permission_id);


--
-- Name: auth_permission_content_type_id_2f476e4b; Type: INDEX; Schema: public; Owner: postgres
--

CREATE INDEX auth_permission_content_type_id_2f476e4b ON public.auth_permission USING btree (content_type_id);


--
-- Name: authtoken_token_key_10f0b77e_like; Type: INDEX; Schema: public; Owner: postgres
--

CREATE INDEX authtoken_token_key_10f0b77e_like ON public.authtoken_token USING btree (key varchar_pattern_ops);


--
-- Name: core_investorcall_user_id_4e5a8f64; Type: INDEX; Schema: public; Owner: postgres
--

CREATE INDEX core_investorcall_user_id_4e5a8f64 ON public.core_investorcall USING btree (user_id);


--
-- Name: core_jobposting_project_id_25bc3119; Type: INDEX; Schema: public; Owner: postgres
--

CREATE INDEX core_jobposting_project_id_25bc3119 ON public.core_jobposting USING btree (project_id);


--
-- Name: core_jobposting_recruiter_id_5a977714; Type: INDEX; Schema: public; Owner: postgres
--

CREATE INDEX core_jobposting_recruiter_id_5a977714 ON public.core_jobposting USING btree (recruiter_id);


--
-- Name: core_like_news_id_1801adbf; Type: INDEX; Schema: public; Owner: postgres
--

CREATE INDEX core_like_news_id_1801adbf ON public.core_like USING btree (news_id);


--
-- Name: core_like_post_id_83b37050; Type: INDEX; Schema: public; Owner: postgres
--

CREATE INDEX core_like_post_id_83b37050 ON public.core_like USING btree (post_id);


--
-- Name: core_like_review_id_f94f5d3b; Type: INDEX; Schema: public; Owner: postgres
--

CREATE INDEX core_like_review_id_f94f5d3b ON public.core_like USING btree (review_id);


--
-- Name: core_like_user_id_0580bca0; Type: INDEX; Schema: public; Owner: postgres
--

CREATE INDEX core_like_user_id_0580bca0 ON public.core_like USING btree (user_id);


--
-- Name: core_news_category_d7d0d827; Type: INDEX; Schema: public; Owner: postgres
--

CREATE INDEX core_news_category_d7d0d827 ON public.core_news USING btree (category);


--
-- Name: core_news_category_d7d0d827_like; Type: INDEX; Schema: public; Owner: postgres
--

CREATE INDEX core_news_category_d7d0d827_like ON public.core_news USING btree (category varchar_pattern_ops);


--
-- Name: core_news_link_58e94f1b_like; Type: INDEX; Schema: public; Owner: postgres
--

CREATE INDEX core_news_link_58e94f1b_like ON public.core_news USING btree (link varchar_pattern_ops);


--
-- Name: core_news_source_id_6c2a8bc7; Type: INDEX; Schema: public; Owner: postgres
--

CREATE INDEX core_news_source_id_6c2a8bc7 ON public.core_news USING btree (source_id);


--
-- Name: core_pitch_user_id_1ab427bb; Type: INDEX; Schema: public; Owner: postgres
--

CREATE INDEX core_pitch_user_id_1ab427bb ON public.core_pitch USING btree (user_id);


--
-- Name: core_post_news_parent_id_dce9bc82; Type: INDEX; Schema: public; Owner: postgres
--

CREATE INDEX core_post_news_parent_id_dce9bc82 ON public.core_post USING btree (news_parent_id);


--
-- Name: core_post_parent_id_f52ad6c0; Type: INDEX; Schema: public; Owner: postgres
--

CREATE INDEX core_post_parent_id_f52ad6c0 ON public.core_post USING btree (parent_id);


--
-- Name: core_post_project_parent_id_1df25485; Type: INDEX; Schema: public; Owner: postgres
--

CREATE INDEX core_post_project_parent_id_1df25485 ON public.core_post USING btree (project_parent_id);


--
-- Name: core_post_review_parent_id_6b551e60; Type: INDEX; Schema: public; Owner: postgres
--

CREATE INDEX core_post_review_parent_id_6b551e60 ON public.core_post USING btree (review_parent_id);


--
-- Name: core_post_user_id_ae5590f8; Type: INDEX; Schema: public; Owner: postgres
--

CREATE INDEX core_post_user_id_ae5590f8 ON public.core_post USING btree (user_id);


--
-- Name: core_postmedia_post_id_f80e6f93; Type: INDEX; Schema: public; Owner: postgres
--

CREATE INDEX core_postmedia_post_id_f80e6f93 ON public.core_postmedia USING btree (post_id);


--
-- Name: core_project_owner_id_26945739; Type: INDEX; Schema: public; Owner: postgres
--

CREATE INDEX core_project_owner_id_26945739 ON public.core_project USING btree (owner_id);


--
-- Name: core_review_game_id_de1193b8; Type: INDEX; Schema: public; Owner: postgres
--

CREATE INDEX core_review_game_id_de1193b8 ON public.core_review USING btree (game_id);


--
-- Name: core_review_user_id_b6106194; Type: INDEX; Schema: public; Owner: postgres
--

CREATE INDEX core_review_user_id_b6106194 ON public.core_review USING btree (user_id);


--
-- Name: core_socialpost_parent_id_e2d56ef6; Type: INDEX; Schema: public; Owner: postgres
--

CREATE INDEX core_socialpost_parent_id_e2d56ef6 ON public.core_socialpost USING btree (parent_id);


--
-- Name: core_socialpost_review_parent_id_1f4b19f7; Type: INDEX; Schema: public; Owner: postgres
--

CREATE INDEX core_socialpost_review_parent_id_1f4b19f7 ON public.core_socialpost USING btree (review_parent_id);


--
-- Name: core_socialpost_user_id_16f30fa3; Type: INDEX; Schema: public; Owner: postgres
--

CREATE INDEX core_socialpost_user_id_16f30fa3 ON public.core_socialpost USING btree (user_id);


--
-- Name: django_admin_log_content_type_id_c4bce8eb; Type: INDEX; Schema: public; Owner: postgres
--

CREATE INDEX django_admin_log_content_type_id_c4bce8eb ON public.django_admin_log USING btree (content_type_id);


--
-- Name: django_admin_log_user_id_c564eba6; Type: INDEX; Schema: public; Owner: postgres
--

CREATE INDEX django_admin_log_user_id_c564eba6 ON public.django_admin_log USING btree (user_id);


--
-- Name: django_session_expire_date_a5c62663; Type: INDEX; Schema: public; Owner: postgres
--

CREATE INDEX django_session_expire_date_a5c62663 ON public.django_session USING btree (expire_date);


--
-- Name: django_session_session_key_c0390e0f_like; Type: INDEX; Schema: public; Owner: postgres
--

CREATE INDEX django_session_session_key_c0390e0f_like ON public.django_session USING btree (session_key varchar_pattern_ops);


--
-- Name: news_news_link_b46db709_like; Type: INDEX; Schema: public; Owner: postgres
--

CREATE INDEX news_news_link_b46db709_like ON public.news_news USING btree (link varchar_pattern_ops);


--
-- Name: news_news_source_id_b0aad86d; Type: INDEX; Schema: public; Owner: postgres
--

CREATE INDEX news_news_source_id_b0aad86d ON public.news_news USING btree (source_id);


--
-- Name: api_conversation_participants api_conversation_par_conversation_id_b5748151_fk_api_conve; Type: FK CONSTRAINT; Schema: public; Owner: postgres
--

ALTER TABLE ONLY public.api_conversation_participants
    ADD CONSTRAINT api_conversation_par_conversation_id_b5748151_fk_api_conve FOREIGN KEY (conversation_id) REFERENCES public.api_conversation(id) DEFERRABLE INITIALLY DEFERRED;


--
-- Name: api_conversation_participants api_conversation_participants_user_id_9ea3ccd8_fk_api_user_id; Type: FK CONSTRAINT; Schema: public; Owner: postgres
--

ALTER TABLE ONLY public.api_conversation_participants
    ADD CONSTRAINT api_conversation_participants_user_id_9ea3ccd8_fk_api_user_id FOREIGN KEY (user_id) REFERENCES public.api_user(id) DEFERRABLE INITIALLY DEFERRED;


--
-- Name: api_follow api_follow_follower_id_e783f744_fk_api_user_id; Type: FK CONSTRAINT; Schema: public; Owner: postgres
--

ALTER TABLE ONLY public.api_follow
    ADD CONSTRAINT api_follow_follower_id_e783f744_fk_api_user_id FOREIGN KEY (follower_id) REFERENCES public.api_user(id) DEFERRABLE INITIALLY DEFERRED;


--
-- Name: api_follow api_follow_following_id_835a2911_fk_api_user_id; Type: FK CONSTRAINT; Schema: public; Owner: postgres
--

ALTER TABLE ONLY public.api_follow
    ADD CONSTRAINT api_follow_following_id_835a2911_fk_api_user_id FOREIGN KEY (following_id) REFERENCES public.api_user(id) DEFERRABLE INITIALLY DEFERRED;


--
-- Name: api_libraryentry api_libraryentry_game_id_08c96742_fk_core_game_id; Type: FK CONSTRAINT; Schema: public; Owner: postgres
--

ALTER TABLE ONLY public.api_libraryentry
    ADD CONSTRAINT api_libraryentry_game_id_08c96742_fk_core_game_id FOREIGN KEY (game_id) REFERENCES public.core_game(id) DEFERRABLE INITIALLY DEFERRED;


--
-- Name: api_libraryentry api_libraryentry_user_id_b86c45f0_fk_api_user_id; Type: FK CONSTRAINT; Schema: public; Owner: postgres
--

ALTER TABLE ONLY public.api_libraryentry
    ADD CONSTRAINT api_libraryentry_user_id_b86c45f0_fk_api_user_id FOREIGN KEY (user_id) REFERENCES public.api_user(id) DEFERRABLE INITIALLY DEFERRED;


--
-- Name: api_message api_message_conversation_id_e0f0e1a5_fk_api_conversation_id; Type: FK CONSTRAINT; Schema: public; Owner: postgres
--

ALTER TABLE ONLY public.api_message
    ADD CONSTRAINT api_message_conversation_id_e0f0e1a5_fk_api_conversation_id FOREIGN KEY (conversation_id) REFERENCES public.api_conversation(id) DEFERRABLE INITIALLY DEFERRED;


--
-- Name: api_message api_message_sender_id_fa6d8ff2_fk_api_user_id; Type: FK CONSTRAINT; Schema: public; Owner: postgres
--

ALTER TABLE ONLY public.api_message
    ADD CONSTRAINT api_message_sender_id_fa6d8ff2_fk_api_user_id FOREIGN KEY (sender_id) REFERENCES public.api_user(id) DEFERRABLE INITIALLY DEFERRED;


--
-- Name: api_notification api_notification_actor_id_2105623d_fk_api_user_id; Type: FK CONSTRAINT; Schema: public; Owner: postgres
--

ALTER TABLE ONLY public.api_notification
    ADD CONSTRAINT api_notification_actor_id_2105623d_fk_api_user_id FOREIGN KEY (actor_id) REFERENCES public.api_user(id) DEFERRABLE INITIALLY DEFERRED;


--
-- Name: api_notification api_notification_recipient_id_ad4ce955_fk_api_user_id; Type: FK CONSTRAINT; Schema: public; Owner: postgres
--

ALTER TABLE ONLY public.api_notification
    ADD CONSTRAINT api_notification_recipient_id_ad4ce955_fk_api_user_id FOREIGN KEY (recipient_id) REFERENCES public.api_user(id) DEFERRABLE INITIALLY DEFERRED;


--
-- Name: api_notification api_notification_target_type_id_149f8641_fk_django_co; Type: FK CONSTRAINT; Schema: public; Owner: postgres
--

ALTER TABLE ONLY public.api_notification
    ADD CONSTRAINT api_notification_target_type_id_149f8641_fk_django_co FOREIGN KEY (target_type_id) REFERENCES public.django_content_type(id) DEFERRABLE INITIALLY DEFERRED;


--
-- Name: api_user_groups api_user_groups_group_id_3af85785_fk_auth_group_id; Type: FK CONSTRAINT; Schema: public; Owner: postgres
--

ALTER TABLE ONLY public.api_user_groups
    ADD CONSTRAINT api_user_groups_group_id_3af85785_fk_auth_group_id FOREIGN KEY (group_id) REFERENCES public.auth_group(id) DEFERRABLE INITIALLY DEFERRED;


--
-- Name: api_user_groups api_user_groups_user_id_a5ff39fa_fk_api_user_id; Type: FK CONSTRAINT; Schema: public; Owner: postgres
--

ALTER TABLE ONLY public.api_user_groups
    ADD CONSTRAINT api_user_groups_user_id_a5ff39fa_fk_api_user_id FOREIGN KEY (user_id) REFERENCES public.api_user(id) DEFERRABLE INITIALLY DEFERRED;


--
-- Name: api_user_interests api_user_interests_interest_id_65b263b0_fk_api_interest_id; Type: FK CONSTRAINT; Schema: public; Owner: postgres
--

ALTER TABLE ONLY public.api_user_interests
    ADD CONSTRAINT api_user_interests_interest_id_65b263b0_fk_api_interest_id FOREIGN KEY (interest_id) REFERENCES public.api_interest(id) DEFERRABLE INITIALLY DEFERRED;


--
-- Name: api_user_interests api_user_interests_user_id_5d7816c8_fk_api_user_id; Type: FK CONSTRAINT; Schema: public; Owner: postgres
--

ALTER TABLE ONLY public.api_user_interests
    ADD CONSTRAINT api_user_interests_user_id_5d7816c8_fk_api_user_id FOREIGN KEY (user_id) REFERENCES public.api_user(id) DEFERRABLE INITIALLY DEFERRED;


--
-- Name: api_user_user_permissions api_user_user_permis_permission_id_305b7fea_fk_auth_perm; Type: FK CONSTRAINT; Schema: public; Owner: postgres
--

ALTER TABLE ONLY public.api_user_user_permissions
    ADD CONSTRAINT api_user_user_permis_permission_id_305b7fea_fk_auth_perm FOREIGN KEY (permission_id) REFERENCES public.auth_permission(id) DEFERRABLE INITIALLY DEFERRED;


--
-- Name: api_user_user_permissions api_user_user_permissions_user_id_f3945d65_fk_api_user_id; Type: FK CONSTRAINT; Schema: public; Owner: postgres
--

ALTER TABLE ONLY public.api_user_user_permissions
    ADD CONSTRAINT api_user_user_permissions_user_id_f3945d65_fk_api_user_id FOREIGN KEY (user_id) REFERENCES public.api_user(id) DEFERRABLE INITIALLY DEFERRED;


--
-- Name: auth_group_permissions auth_group_permissio_permission_id_84c5c92e_fk_auth_perm; Type: FK CONSTRAINT; Schema: public; Owner: postgres
--

ALTER TABLE ONLY public.auth_group_permissions
    ADD CONSTRAINT auth_group_permissio_permission_id_84c5c92e_fk_auth_perm FOREIGN KEY (permission_id) REFERENCES public.auth_permission(id) DEFERRABLE INITIALLY DEFERRED;


--
-- Name: auth_group_permissions auth_group_permissions_group_id_b120cbf9_fk_auth_group_id; Type: FK CONSTRAINT; Schema: public; Owner: postgres
--

ALTER TABLE ONLY public.auth_group_permissions
    ADD CONSTRAINT auth_group_permissions_group_id_b120cbf9_fk_auth_group_id FOREIGN KEY (group_id) REFERENCES public.auth_group(id) DEFERRABLE INITIALLY DEFERRED;


--
-- Name: auth_permission auth_permission_content_type_id_2f476e4b_fk_django_co; Type: FK CONSTRAINT; Schema: public; Owner: postgres
--

ALTER TABLE ONLY public.auth_permission
    ADD CONSTRAINT auth_permission_content_type_id_2f476e4b_fk_django_co FOREIGN KEY (content_type_id) REFERENCES public.django_content_type(id) DEFERRABLE INITIALLY DEFERRED;


--
-- Name: authtoken_token authtoken_token_user_id_35299eff_fk_api_user_id; Type: FK CONSTRAINT; Schema: public; Owner: postgres
--

ALTER TABLE ONLY public.authtoken_token
    ADD CONSTRAINT authtoken_token_user_id_35299eff_fk_api_user_id FOREIGN KEY (user_id) REFERENCES public.api_user(id) DEFERRABLE INITIALLY DEFERRED;


--
-- Name: core_investorcall core_investorcall_user_id_4e5a8f64_fk_api_user_id; Type: FK CONSTRAINT; Schema: public; Owner: postgres
--

ALTER TABLE ONLY public.core_investorcall
    ADD CONSTRAINT core_investorcall_user_id_4e5a8f64_fk_api_user_id FOREIGN KEY (user_id) REFERENCES public.api_user(id) DEFERRABLE INITIALLY DEFERRED;


--
-- Name: core_jobposting core_jobposting_project_id_25bc3119_fk_core_project_id; Type: FK CONSTRAINT; Schema: public; Owner: postgres
--

ALTER TABLE ONLY public.core_jobposting
    ADD CONSTRAINT core_jobposting_project_id_25bc3119_fk_core_project_id FOREIGN KEY (project_id) REFERENCES public.core_project(id) DEFERRABLE INITIALLY DEFERRED;


--
-- Name: core_jobposting core_jobposting_recruiter_id_5a977714_fk_api_user_id; Type: FK CONSTRAINT; Schema: public; Owner: postgres
--

ALTER TABLE ONLY public.core_jobposting
    ADD CONSTRAINT core_jobposting_recruiter_id_5a977714_fk_api_user_id FOREIGN KEY (recruiter_id) REFERENCES public.api_user(id) DEFERRABLE INITIALLY DEFERRED;


--
-- Name: core_like core_like_news_id_1801adbf_fk_core_news_id; Type: FK CONSTRAINT; Schema: public; Owner: postgres
--

ALTER TABLE ONLY public.core_like
    ADD CONSTRAINT core_like_news_id_1801adbf_fk_core_news_id FOREIGN KEY (news_id) REFERENCES public.core_news(id) DEFERRABLE INITIALLY DEFERRED;


--
-- Name: core_like core_like_post_id_83b37050_fk_core_post_id; Type: FK CONSTRAINT; Schema: public; Owner: postgres
--

ALTER TABLE ONLY public.core_like
    ADD CONSTRAINT core_like_post_id_83b37050_fk_core_post_id FOREIGN KEY (post_id) REFERENCES public.core_post(id) DEFERRABLE INITIALLY DEFERRED;


--
-- Name: core_like core_like_review_id_f94f5d3b_fk_core_review_id; Type: FK CONSTRAINT; Schema: public; Owner: postgres
--

ALTER TABLE ONLY public.core_like
    ADD CONSTRAINT core_like_review_id_f94f5d3b_fk_core_review_id FOREIGN KEY (review_id) REFERENCES public.core_review(id) DEFERRABLE INITIALLY DEFERRED;


--
-- Name: core_like core_like_user_id_0580bca0_fk_api_user_id; Type: FK CONSTRAINT; Schema: public; Owner: postgres
--

ALTER TABLE ONLY public.core_like
    ADD CONSTRAINT core_like_user_id_0580bca0_fk_api_user_id FOREIGN KEY (user_id) REFERENCES public.api_user(id) DEFERRABLE INITIALLY DEFERRED;


--
-- Name: core_news core_news_source_id_6c2a8bc7_fk_core_newssource_id; Type: FK CONSTRAINT; Schema: public; Owner: postgres
--

ALTER TABLE ONLY public.core_news
    ADD CONSTRAINT core_news_source_id_6c2a8bc7_fk_core_newssource_id FOREIGN KEY (source_id) REFERENCES public.core_newssource(id) DEFERRABLE INITIALLY DEFERRED;


--
-- Name: core_pitch core_pitch_user_id_1ab427bb_fk_api_user_id; Type: FK CONSTRAINT; Schema: public; Owner: postgres
--

ALTER TABLE ONLY public.core_pitch
    ADD CONSTRAINT core_pitch_user_id_1ab427bb_fk_api_user_id FOREIGN KEY (user_id) REFERENCES public.api_user(id) DEFERRABLE INITIALLY DEFERRED;


--
-- Name: core_post core_post_news_parent_id_dce9bc82_fk_core_news_id; Type: FK CONSTRAINT; Schema: public; Owner: postgres
--

ALTER TABLE ONLY public.core_post
    ADD CONSTRAINT core_post_news_parent_id_dce9bc82_fk_core_news_id FOREIGN KEY (news_parent_id) REFERENCES public.core_news(id) DEFERRABLE INITIALLY DEFERRED;


--
-- Name: core_post core_post_parent_id_f52ad6c0_fk_core_post_id; Type: FK CONSTRAINT; Schema: public; Owner: postgres
--

ALTER TABLE ONLY public.core_post
    ADD CONSTRAINT core_post_parent_id_f52ad6c0_fk_core_post_id FOREIGN KEY (parent_id) REFERENCES public.core_post(id) DEFERRABLE INITIALLY DEFERRED;


--
-- Name: core_post core_post_project_parent_id_1df25485_fk_core_project_id; Type: FK CONSTRAINT; Schema: public; Owner: postgres
--

ALTER TABLE ONLY public.core_post
    ADD CONSTRAINT core_post_project_parent_id_1df25485_fk_core_project_id FOREIGN KEY (project_parent_id) REFERENCES public.core_project(id) DEFERRABLE INITIALLY DEFERRED;


--
-- Name: core_post core_post_review_parent_id_6b551e60_fk_core_review_id; Type: FK CONSTRAINT; Schema: public; Owner: postgres
--

ALTER TABLE ONLY public.core_post
    ADD CONSTRAINT core_post_review_parent_id_6b551e60_fk_core_review_id FOREIGN KEY (review_parent_id) REFERENCES public.core_review(id) DEFERRABLE INITIALLY DEFERRED;


--
-- Name: core_post core_post_user_id_ae5590f8_fk_api_user_id; Type: FK CONSTRAINT; Schema: public; Owner: postgres
--

ALTER TABLE ONLY public.core_post
    ADD CONSTRAINT core_post_user_id_ae5590f8_fk_api_user_id FOREIGN KEY (user_id) REFERENCES public.api_user(id) DEFERRABLE INITIALLY DEFERRED;


--
-- Name: core_postmedia core_postmedia_post_id_f80e6f93_fk_core_post_id; Type: FK CONSTRAINT; Schema: public; Owner: postgres
--

ALTER TABLE ONLY public.core_postmedia
    ADD CONSTRAINT core_postmedia_post_id_f80e6f93_fk_core_post_id FOREIGN KEY (post_id) REFERENCES public.core_post(id) DEFERRABLE INITIALLY DEFERRED;


--
-- Name: core_project core_project_owner_id_26945739_fk_api_user_id; Type: FK CONSTRAINT; Schema: public; Owner: postgres
--

ALTER TABLE ONLY public.core_project
    ADD CONSTRAINT core_project_owner_id_26945739_fk_api_user_id FOREIGN KEY (owner_id) REFERENCES public.api_user(id) DEFERRABLE INITIALLY DEFERRED;


--
-- Name: core_review core_review_game_id_de1193b8_fk_core_game_id; Type: FK CONSTRAINT; Schema: public; Owner: postgres
--

ALTER TABLE ONLY public.core_review
    ADD CONSTRAINT core_review_game_id_de1193b8_fk_core_game_id FOREIGN KEY (game_id) REFERENCES public.core_game(id) DEFERRABLE INITIALLY DEFERRED;


--
-- Name: core_review core_review_user_id_b6106194_fk_api_user_id; Type: FK CONSTRAINT; Schema: public; Owner: postgres
--

ALTER TABLE ONLY public.core_review
    ADD CONSTRAINT core_review_user_id_b6106194_fk_api_user_id FOREIGN KEY (user_id) REFERENCES public.api_user(id) DEFERRABLE INITIALLY DEFERRED;


--
-- Name: core_socialpost core_socialpost_parent_id_e2d56ef6_fk_core_socialpost_id; Type: FK CONSTRAINT; Schema: public; Owner: postgres
--

ALTER TABLE ONLY public.core_socialpost
    ADD CONSTRAINT core_socialpost_parent_id_e2d56ef6_fk_core_socialpost_id FOREIGN KEY (parent_id) REFERENCES public.core_socialpost(id) DEFERRABLE INITIALLY DEFERRED;


--
-- Name: core_socialpost core_socialpost_review_parent_id_1f4b19f7_fk_core_review_id; Type: FK CONSTRAINT; Schema: public; Owner: postgres
--

ALTER TABLE ONLY public.core_socialpost
    ADD CONSTRAINT core_socialpost_review_parent_id_1f4b19f7_fk_core_review_id FOREIGN KEY (review_parent_id) REFERENCES public.core_review(id) DEFERRABLE INITIALLY DEFERRED;


--
-- Name: core_socialpost core_socialpost_user_id_16f30fa3_fk_api_user_id; Type: FK CONSTRAINT; Schema: public; Owner: postgres
--

ALTER TABLE ONLY public.core_socialpost
    ADD CONSTRAINT core_socialpost_user_id_16f30fa3_fk_api_user_id FOREIGN KEY (user_id) REFERENCES public.api_user(id) DEFERRABLE INITIALLY DEFERRED;


--
-- Name: django_admin_log django_admin_log_content_type_id_c4bce8eb_fk_django_co; Type: FK CONSTRAINT; Schema: public; Owner: postgres
--

ALTER TABLE ONLY public.django_admin_log
    ADD CONSTRAINT django_admin_log_content_type_id_c4bce8eb_fk_django_co FOREIGN KEY (content_type_id) REFERENCES public.django_content_type(id) DEFERRABLE INITIALLY DEFERRED;


--
-- Name: django_admin_log django_admin_log_user_id_c564eba6_fk_api_user_id; Type: FK CONSTRAINT; Schema: public; Owner: postgres
--

ALTER TABLE ONLY public.django_admin_log
    ADD CONSTRAINT django_admin_log_user_id_c564eba6_fk_api_user_id FOREIGN KEY (user_id) REFERENCES public.api_user(id) DEFERRABLE INITIALLY DEFERRED;


--
-- Name: news_news news_news_source_id_b0aad86d_fk_news_newssource_id; Type: FK CONSTRAINT; Schema: public; Owner: postgres
--

ALTER TABLE ONLY public.news_news
    ADD CONSTRAINT news_news_source_id_b0aad86d_fk_news_newssource_id FOREIGN KEY (source_id) REFERENCES public.news_newssource(id) DEFERRABLE INITIALLY DEFERRED;


--
-- PostgreSQL database dump complete
--

\unrestrict 74gB5dsTQNa8duoEkLidcHKSae7vaOpymAVuv6BadlTguQ7dNO9Lar9wnK1akXK

